,rmssd,nremhr,entropy,hrv_rolling,steps,steps_normalized,steps_rolling,minutesAsleep,minutesAsleep_normalized,minutesAsleep_rolling,Fat_burn_minutes,Cardio_minutes,Peak_minutes,Resting_minutes,steps_lag1,steps_lag2,steps_lag3,steps_lag4,steps_lag5,steps_lag6,steps_lag7,steps_lag8,steps_lag9,steps_lag10,minutesAsleep_lag1,minutesAsleep_lag2,minutesAsleep_lag3,minutesAsleep_lag4,minutesAsleep_lag5,minutesAsleep_lag6,minutesAsleep_lag7,minutesAsleep_lag8,minutesAsleep_lag9,minutesAsleep_lag10,Cardio_minutes_lag1,Cardio_minutes_lag2,Cardio_minutes_lag3,Cardio_minutes_lag4,Cardio_minutes_lag5,Cardio_minutes_lag6,Cardio_minutes_lag7,Cardio_minutes_lag8,Cardio_minutes_lag9,Cardio_minutes_lag10,Resting_minutes_lag1,Resting_minutes_lag2,Resting_minutes_lag3,Resting_minutes_lag4,Resting_minutes_lag5,Resting_minutes_lag6,Resting_minutes_lag7,Resting_minutes_lag8,Resting_minutes_lag9,Resting_minutes_lag10,Peak_minutes_lag1,Peak_minutes_lag2,Peak_minutes_lag3,Peak_minutes_lag4,Peak_minutes_lag5,Peak_minutes_lag6,Peak_minutes_lag7,Peak_minutes_lag8,Peak_minutes_lag9,Peak_minutes_lag10,Fat_burn_minutes_lag1,Fat_burn_minutes_lag2,Fat_burn_minutes_lag3,Fat_burn_minutes_lag4,Fat_burn_minutes_lag5,Fat_burn_minutes_lag6,Fat_burn_minutes_lag7,Fat_burn_minutes_lag8,Fat_burn_minutes_lag9,Fat_burn_minutes_lag10,rmssd_lag1,rmssd_lag2,rmssd_lag3,rmssd_lag4,rmssd_lag5,rmssd_lag6,rmssd_lag7,rmssd_lag8,rmssd_lag9,rmssd_lag10
2022-02-27,52.053,53.789,2.833,57.29075,2542,25.42,65.72749999999999,395,39.5,35.95,49.0,2.0,0.0,1375.0,,,,,,,,,,,,,,,,,,,,,,,,,,,,,,,,,,,,,,,,,,,,,,,,,,,,,,,,,,,,,,,,,,,,,,
2022-02-28,61.281,49.983,2.935,56.82899999999999,6426,64.26,74.98400000000001,328,32.8,34.5,74.0,1.0,0.0,1327.0,2542.0,,,,,,,,,,395.0,,,,,,,,,,2.0,,,,,,,,,,1375.0,,,,,,,,,,0.0,,,,,,,,,,49.0,,,,,,,,,,52.053,,,,,,,,,
2022-03-01,59.392,50.798,2.943,57.0015,9602,96.02,73.24833333333333,321,32.1,35.333333333333336,301.0,2.0,0.0,1133.0,6426.0,2542.0,,,,,,,,,328.0,395.0,,,,,,,,,1.0,2.0,,,,,,,,,1327.0,1375.0,,,,,,,,,0.0,0.0,,,,,,,,,74.0,49.0,,,,,,,,,61.281,52.053,,,,,,,,
2022-03-02,56.437,54.837,2.829,56.220142857142854,7721,77.21,65.76571428571428,394,39.4,38.05714285714286,63.0,0.0,0.0,1318.0,9602.0,6426.0,2542.0,,,,,,,,321.0,328.0,395.0,,,,,,,,2.0,1.0,2.0,,,,,,,,1133.0,1327.0,1375.0,,,,,,,,0.0,0.0,0.0,,,,,,,,301.0,74.0,49.0,,,,,,,,59.392,61.281,52.053,,,,,,,
2022-03-03,54.982,52.368,2.927,58.457857142857144,11201,112.01,66.73857142857142,287,28.7,39.114285714285714,134.0,0.0,0.0,1261.0,7721.0,9602.0,6426.0,2542.0,,,,,,,394.0,321.0,328.0,395.0,,,,,,,0.0,2.0,1.0,2.0,,,,,,,1318.0,1133.0,1327.0,1375.0,,,,,,,0.0,0.0,0.0,0.0,,,,,,,63.0,301.0,74.0,49.0,,,,,,,56.437,59.392,61.281,52.053,,,,,,
2022-03-04,57.864,52.193,3.068,58.22671428571429,6457,64.57,65.61428571428571,395,39.5,41.142857142857146,101.0,0.0,0.0,1337.0,11201.0,7721.0,9602.0,6426.0,2542.0,,,,,,287.0,394.0,321.0,328.0,395.0,,,,,,0.0,0.0,2.0,1.0,2.0,,,,,,1261.0,1318.0,1133.0,1327.0,1375.0,,,,,,0.0,0.0,0.0,0.0,0.0,,,,,,134.0,63.0,301.0,74.0,49.0,,,,,,54.982,56.437,59.392,61.281,52.053,,,,,
2022-03-05,51.532,57.26,2.96,59.09585714285714,2087,20.87,69.71000000000001,544,54.4,42.31428571428571,25.0,0.0,0.0,1308.0,6457.0,11201.0,7721.0,9602.0,6426.0,2542.0,,,,,395.0,287.0,394.0,321.0,328.0,395.0,,,,,0.0,0.0,0.0,2.0,1.0,2.0,,,,,1337.0,1261.0,1318.0,1133.0,1327.0,1375.0,,,,,0.0,0.0,0.0,0.0,0.0,0.0,,,,,101.0,134.0,63.0,301.0,74.0,49.0,,,,,57.864,54.982,56.437,59.392,61.281,52.053,,,,
2022-03-06,67.717,51.803,3.028,59.44085714285713,3223,32.23,72.54285714285713,469,46.9,42.75714285714286,33.0,0.0,0.0,1404.0,2087.0,6457.0,11201.0,7721.0,9602.0,6426.0,2542.0,,,,544.0,395.0,287.0,394.0,321.0,328.0,395.0,,,,0.0,0.0,0.0,0.0,2.0,1.0,2.0,,,,1308.0,1337.0,1261.0,1318.0,1133.0,1327.0,1375.0,,,,0.0,0.0,0.0,0.0,0.0,0.0,0.0,,,,25.0,101.0,134.0,63.0,301.0,74.0,49.0,,,,51.532,57.864,54.982,56.437,59.392,61.281,52.053,,,
2022-03-07,59.663,50.971,2.882,60.69528571428571,5639,56.39,71.31428571428572,470,47.0,45.214285714285715,47.0,0.0,0.0,1380.0,3223.0,2087.0,6457.0,11201.0,7721.0,9602.0,6426.0,2542.0,,,469.0,544.0,395.0,287.0,394.0,321.0,328.0,395.0,,,0.0,0.0,0.0,0.0,0.0,2.0,1.0,2.0,,,1404.0,1308.0,1337.0,1261.0,1318.0,1133.0,1327.0,1375.0,,,0.0,0.0,0.0,0.0,0.0,0.0,0.0,0.0,,,33.0,25.0,101.0,134.0,63.0,301.0,74.0,49.0,,,67.717,51.532,57.864,54.982,56.437,59.392,61.281,52.053,,
2022-03-08,65.476,51.952,2.988,60.55385714285713,12469,124.69,70.40285714285714,403,40.3,46.98571428571429,206.0,13.0,1.0,1162.0,5639.0,3223.0,2087.0,6457.0,11201.0,7721.0,9602.0,6426.0,2542.0,,470.0,469.0,544.0,395.0,287.0,394.0,321.0,328.0,395.0,,0.0,0.0,0.0,0.0,0.0,0.0,2.0,1.0,2.0,,1380.0,1404.0,1308.0,1337.0,1261.0,1318.0,1133.0,1327.0,1375.0,,0.0,0.0,0.0,0.0,0.0,0.0,0.0,0.0,0.0,,47.0,33.0,25.0,101.0,134.0,63.0,301.0,74.0,49.0,,59.663,67.717,51.532,57.864,54.982,56.437,59.392,61.281,52.053,
2022-03-09,58.852,55.352,2.904,61.422999999999995,9704,97.04,81.25999999999999,425,42.5,42.32857142857143,96.0,0.0,0.0,1190.0,12469.0,5639.0,3223.0,2087.0,6457.0,11201.0,7721.0,9602.0,6426.0,2542.0,403.0,470.0,469.0,544.0,395.0,287.0,394.0,321.0,328.0,395.0,13.0,0.0,0.0,0.0,0.0,0.0,0.0,2.0,1.0,2.0,1162.0,1380.0,1404.0,1308.0,1337.0,1261.0,1318.0,1133.0,1327.0,1375.0,1.0,0.0,0.0,0.0,0.0,0.0,0.0,0.0,0.0,0.0,206.0,47.0,33.0,25.0,101.0,134.0,63.0,301.0,74.0,49.0,65.476,59.663,67.717,51.532,57.864,54.982,56.437,59.392,61.281,52.053
2022-03-10,63.763,51.354,2.875,58.739714285714285,10341,103.41,79.92571428571429,459,45.9,41.84285714285714,102.0,0.0,0.0,1334.0,9704.0,12469.0,5639.0,3223.0,2087.0,6457.0,11201.0,7721.0,9602.0,6426.0,425.0,403.0,470.0,469.0,544.0,395.0,287.0,394.0,321.0,328.0,0.0,13.0,0.0,0.0,0.0,0.0,0.0,0.0,2.0,1.0,1190.0,1162.0,1380.0,1404.0,1308.0,1337.0,1261.0,1318.0,1133.0,1327.0,0.0,1.0,0.0,0.0,0.0,0.0,0.0,0.0,0.0,0.0,96.0,206.0,47.0,33.0,25.0,101.0,134.0,63.0,301.0,74.0,58.852,65.476,59.663,67.717,51.532,57.864,54.982,56.437,59.392,61.281
2022-03-11,56.874,53.753,2.895,57.05014285714286,5819,58.19,86.11,519,51.9,43.55714285714286,125.0,10.0,0.0,1302.0,10341.0,9704.0,12469.0,5639.0,3223.0,2087.0,6457.0,11201.0,7721.0,9602.0,459.0,425.0,403.0,470.0,469.0,544.0,395.0,287.0,394.0,321.0,0.0,0.0,13.0,0.0,0.0,0.0,0.0,0.0,0.0,2.0,1334.0,1190.0,1162.0,1380.0,1404.0,1308.0,1337.0,1261.0,1318.0,1133.0,0.0,0.0,1.0,0.0,0.0,0.0,0.0,0.0,0.0,0.0,102.0,96.0,206.0,47.0,33.0,25.0,101.0,134.0,63.0,301.0,63.763,58.852,65.476,59.663,67.717,51.532,57.864,54.982,56.437,59.392
2022-03-12,57.616,54.275,2.492,54.523285714285706,9687,96.87,72.78857142857143,218,21.8,43.042857142857144,238.0,0.0,0.0,1102.0,5819.0,10341.0,9704.0,12469.0,5639.0,3223.0,2087.0,6457.0,11201.0,7721.0,519.0,459.0,425.0,403.0,470.0,469.0,544.0,395.0,287.0,394.0,10.0,0.0,0.0,13.0,0.0,0.0,0.0,0.0,0.0,0.0,1302.0,1334.0,1190.0,1162.0,1380.0,1404.0,1308.0,1337.0,1261.0,1318.0,0.0,0.0,0.0,1.0,0.0,0.0,0.0,0.0,0.0,0.0,125.0,102.0,96.0,206.0,47.0,33.0,25.0,101.0,134.0,63.0,56.874,63.763,58.852,65.476,59.663,67.717,51.532,57.864,54.982,56.437
2022-03-13,48.934,55.72,2.865,53.207857142857144,2289,22.89,75.37714285714286,435,43.5,41.885714285714286,47.0,2.0,0.0,1382.0,9687.0,5819.0,10341.0,9704.0,12469.0,5639.0,3223.0,2087.0,6457.0,11201.0,218.0,519.0,459.0,425.0,403.0,470.0,469.0,544.0,395.0,287.0,0.0,10.0,0.0,0.0,13.0,0.0,0.0,0.0,0.0,0.0,1102.0,1302.0,1334.0,1190.0,1162.0,1380.0,1404.0,1308.0,1337.0,1261.0,0.0,0.0,0.0,0.0,1.0,0.0,0.0,0.0,0.0,0.0,238.0,125.0,102.0,96.0,206.0,47.0,33.0,25.0,101.0,134.0,57.616,56.874,63.763,58.852,65.476,59.663,67.717,51.532,57.864,54.982
2022-03-14,47.836,55.187,2.793,51.58471428571429,9968,99.68,74.56285714285714,590,59.0,42.957142857142856,97.0,1.0,0.0,1328.0,2289.0,9687.0,5819.0,10341.0,9704.0,12469.0,5639.0,3223.0,2087.0,6457.0,435.0,218.0,519.0,459.0,425.0,403.0,470.0,469.0,544.0,395.0,2.0,0.0,10.0,0.0,0.0,13.0,0.0,0.0,0.0,0.0,1382.0,1102.0,1302.0,1334.0,1190.0,1162.0,1380.0,1404.0,1308.0,1337.0,0.0,0.0,0.0,0.0,0.0,1.0,0.0,0.0,0.0,0.0,47.0,238.0,125.0,102.0,96.0,206.0,47.0,33.0,25.0,101.0,48.934,57.616,56.874,63.763,58.852,65.476,59.663,67.717,51.532,57.864
2022-03-15,47.788,54.82,2.733,53.441428571428574,3144,31.44,75.0,367,36.7,40.68571428571429,18.0,0.0,0.0,1415.0,9968.0,2289.0,9687.0,5819.0,10341.0,9704.0,12469.0,5639.0,3223.0,2087.0,590.0,435.0,218.0,519.0,459.0,425.0,403.0,470.0,469.0,544.0,1.0,2.0,0.0,10.0,0.0,0.0,13.0,0.0,0.0,0.0,1328.0,1382.0,1102.0,1302.0,1334.0,1190.0,1162.0,1380.0,1404.0,1308.0,0.0,0.0,0.0,0.0,0.0,0.0,1.0,0.0,0.0,0.0,97.0,47.0,238.0,125.0,102.0,96.0,206.0,47.0,33.0,25.0,47.836,48.934,57.616,56.874,63.763,58.852,65.476,59.663,67.717,51.532
2022-03-16,49.644,54.38,2.713,54.839000000000006,11516,115.16,70.72,344,34.4,46.01428571428572,151.0,0.0,0.0,1242.0,3144.0,9968.0,2289.0,9687.0,5819.0,10341.0,9704.0,12469.0,5639.0,3223.0,367.0,590.0,435.0,218.0,519.0,459.0,425.0,403.0,470.0,469.0,0.0,1.0,2.0,0.0,10.0,0.0,0.0,13.0,0.0,0.0,1415.0,1328.0,1382.0,1102.0,1302.0,1334.0,1190.0,1162.0,1380.0,1404.0,0.0,0.0,0.0,0.0,0.0,0.0,0.0,1.0,0.0,0.0,18.0,97.0,47.0,238.0,125.0,102.0,96.0,206.0,47.0,33.0,47.788,47.836,48.934,57.616,56.874,63.763,58.852,65.476,59.663,67.717
2022-03-17,52.401,55.061,2.936,56.65328571428571,9771,97.71,72.45,534,53.4,46.58571428571429,84.0,1.0,0.0,1345.0,11516.0,3144.0,9968.0,2289.0,9687.0,5819.0,10341.0,9704.0,12469.0,5639.0,344.0,367.0,590.0,435.0,218.0,519.0,459.0,425.0,403.0,470.0,0.0,0.0,1.0,2.0,0.0,10.0,0.0,0.0,13.0,0.0,1242.0,1415.0,1328.0,1382.0,1102.0,1302.0,1334.0,1190.0,1162.0,1380.0,0.0,0.0,0.0,0.0,0.0,0.0,0.0,0.0,1.0,0.0,151.0,18.0,97.0,47.0,238.0,125.0,102.0,96.0,206.0,47.0,49.644,47.788,47.836,48.934,57.616,56.874,63.763,58.852,65.476,59.663
2022-03-18,69.871,49.732,3.044,59.82114285714285,6125,61.25,68.46285714285715,360,36.0,44.785714285714285,45.0,0.0,0.0,1383.0,9771.0,11516.0,3144.0,9968.0,2289.0,9687.0,5819.0,10341.0,9704.0,12469.0,534.0,344.0,367.0,590.0,435.0,218.0,519.0,459.0,425.0,403.0,1.0,0.0,0.0,1.0,2.0,0.0,10.0,0.0,0.0,13.0,1345.0,1242.0,1415.0,1328.0,1382.0,1102.0,1302.0,1334.0,1190.0,1162.0,0.0,0.0,0.0,0.0,0.0,0.0,0.0,0.0,0.0,1.0,84.0,151.0,18.0,97.0,47.0,238.0,125.0,102.0,96.0,206.0,52.401,49.644,47.788,47.836,48.934,57.616,56.874,63.763,58.852,65.476
2022-03-19,67.399,50.473,3.111,60.74528571428572,6691,66.91,82.75142857142858,591,59.1,43.885714285714286,60.0,16.0,0.0,1278.0,6125.0,9771.0,11516.0,3144.0,9968.0,2289.0,9687.0,5819.0,10341.0,9704.0,360.0,534.0,344.0,367.0,590.0,435.0,218.0,519.0,459.0,425.0,0.0,1.0,0.0,0.0,1.0,2.0,0.0,10.0,0.0,0.0,1383.0,1345.0,1242.0,1415.0,1328.0,1382.0,1102.0,1302.0,1334.0,1190.0,0.0,0.0,0.0,0.0,0.0,0.0,0.0,0.0,0.0,0.0,45.0,84.0,151.0,18.0,97.0,47.0,238.0,125.0,102.0,96.0,69.871,52.401,49.644,47.788,47.836,48.934,57.616,56.874,63.763,58.852
2022-03-20,61.634,51.879,2.906,61.54228571428571,3500,35.0,74.36142857142856,475,47.5,45.385714285714286,107.0,7.0,3.0,1310.0,6691.0,6125.0,9771.0,11516.0,3144.0,9968.0,2289.0,9687.0,5819.0,10341.0,591.0,360.0,534.0,344.0,367.0,590.0,435.0,218.0,519.0,459.0,16.0,0.0,1.0,0.0,0.0,1.0,2.0,0.0,10.0,0.0,1278.0,1383.0,1345.0,1242.0,1415.0,1328.0,1382.0,1102.0,1302.0,1334.0,0.0,0.0,0.0,0.0,0.0,0.0,0.0,0.0,0.0,0.0,60.0,45.0,84.0,151.0,18.0,97.0,47.0,238.0,125.0,102.0,67.399,69.871,52.401,49.644,47.788,47.836,48.934,57.616,56.874,63.763
2022-03-21,70.011,52.312,3.205,62.678428571428576,7177,71.77,75.40142857142857,464,46.4,44.44285714285714,151.0,0.0,0.0,1283.0,3500.0,6691.0,6125.0,9771.0,11516.0,3144.0,9968.0,2289.0,9687.0,5819.0,475.0,591.0,360.0,534.0,344.0,367.0,590.0,435.0,218.0,519.0,7.0,16.0,0.0,1.0,0.0,0.0,1.0,2.0,0.0,10.0,1310.0,1278.0,1383.0,1345.0,1242.0,1415.0,1328.0,1382.0,1102.0,1302.0,3.0,0.0,0.0,0.0,0.0,0.0,0.0,0.0,0.0,0.0,107.0,60.0,45.0,84.0,151.0,18.0,97.0,47.0,238.0,125.0,61.634,67.399,69.871,52.401,49.644,47.788,47.836,48.934,57.616,56.874
2022-03-22,54.257,53.365,3.026,63.76800000000001,13146,131.46,72.78714285714285,304,30.4,45.67142857142857,90.0,3.0,2.0,1334.0,7177.0,3500.0,6691.0,6125.0,9771.0,11516.0,3144.0,9968.0,2289.0,9687.0,464.0,475.0,591.0,360.0,534.0,344.0,367.0,590.0,435.0,218.0,0.0,7.0,16.0,0.0,1.0,0.0,0.0,1.0,2.0,0.0,1283.0,1310.0,1278.0,1383.0,1345.0,1242.0,1415.0,1328.0,1382.0,1102.0,0.0,3.0,0.0,0.0,0.0,0.0,0.0,0.0,0.0,0.0,151.0,107.0,60.0,45.0,84.0,151.0,18.0,97.0,47.0,238.0,70.011,61.634,67.399,69.871,52.401,49.644,47.788,47.836,48.934,57.616
2022-03-23,55.223,54.812,2.955,63.89942857142857,5643,56.43,69.2,449,44.9,43.885714285714286,32.0,0.0,0.0,1340.0,13146.0,7177.0,3500.0,6691.0,6125.0,9771.0,11516.0,3144.0,9968.0,2289.0,304.0,464.0,475.0,591.0,360.0,534.0,344.0,367.0,590.0,435.0,3.0,0.0,7.0,16.0,0.0,1.0,0.0,0.0,1.0,2.0,1334.0,1283.0,1310.0,1278.0,1383.0,1345.0,1242.0,1415.0,1328.0,1382.0,2.0,0.0,3.0,0.0,0.0,0.0,0.0,0.0,0.0,0.0,90.0,151.0,107.0,60.0,45.0,84.0,151.0,18.0,97.0,47.0,54.257,70.011,61.634,67.399,69.871,52.401,49.644,47.788,47.836,48.934
2022-03-24,60.354,52.989,3.116,64.62857142857143,10499,104.99,71.23428571428572,468,46.8,45.528571428571425,92.0,0.0,0.0,1345.0,5643.0,13146.0,7177.0,3500.0,6691.0,6125.0,9771.0,11516.0,3144.0,9968.0,449.0,304.0,464.0,475.0,591.0,360.0,534.0,344.0,367.0,590.0,0.0,3.0,0.0,7.0,16.0,0.0,1.0,0.0,0.0,1.0,1340.0,1334.0,1283.0,1310.0,1278.0,1383.0,1345.0,1242.0,1415.0,1328.0,0.0,2.0,0.0,3.0,0.0,0.0,0.0,0.0,0.0,0.0,32.0,90.0,151.0,107.0,60.0,45.0,84.0,151.0,18.0,97.0,55.223,54.257,70.011,61.634,67.399,69.871,52.401,49.644,47.788,47.836
2022-03-25,77.498,50.452,3.211,64.63985714285714,4295,42.95,70.42857142857143,446,44.6,44.957142857142856,70.0,12.0,0.0,1347.0,10499.0,5643.0,13146.0,7177.0,3500.0,6691.0,6125.0,9771.0,11516.0,3144.0,468.0,449.0,304.0,464.0,475.0,591.0,360.0,534.0,344.0,367.0,0.0,0.0,3.0,0.0,7.0,16.0,0.0,1.0,0.0,0.0,1345.0,1340.0,1334.0,1283.0,1310.0,1278.0,1383.0,1345.0,1242.0,1415.0,0.0,0.0,2.0,0.0,3.0,0.0,0.0,0.0,0.0,0.0,92.0,32.0,90.0,151.0,107.0,60.0,45.0,84.0,151.0,18.0,60.354,55.223,54.257,70.011,61.634,67.399,69.871,52.401,49.644,47.788
2022-03-26,68.319,50.897,2.918,66.86771428571429,4180,41.8,66.13571428571429,466,46.6,46.38571428571429,26.0,0.0,0.0,1358.0,4295.0,10499.0,5643.0,13146.0,7177.0,3500.0,6691.0,6125.0,9771.0,11516.0,446.0,468.0,449.0,304.0,464.0,475.0,591.0,360.0,534.0,344.0,12.0,0.0,0.0,3.0,0.0,7.0,16.0,0.0,1.0,0.0,1347.0,1345.0,1340.0,1334.0,1283.0,1310.0,1278.0,1383.0,1345.0,1242.0,0.0,0.0,0.0,2.0,0.0,3.0,0.0,0.0,0.0,0.0,70.0,92.0,32.0,90.0,151.0,107.0,60.0,45.0,84.0,151.0,77.498,60.354,55.223,54.257,70.011,61.634,67.399,69.871,52.401,49.644
2022-03-27,66.738,52.951,3.123,66.66371428571429,4924,49.24,67.31571428571428,590,59.0,46.142857142857146,67.0,8.0,0.0,1285.0,4180.0,4295.0,10499.0,5643.0,13146.0,7177.0,3500.0,6691.0,6125.0,9771.0,466.0,446.0,468.0,449.0,304.0,464.0,475.0,591.0,360.0,534.0,0.0,12.0,0.0,0.0,3.0,0.0,7.0,16.0,0.0,1.0,1358.0,1347.0,1345.0,1340.0,1334.0,1283.0,1310.0,1278.0,1383.0,1345.0,0.0,0.0,0.0,0.0,2.0,0.0,3.0,0.0,0.0,0.0,26.0,70.0,92.0,32.0,90.0,151.0,107.0,60.0,45.0,84.0,68.319,77.498,60.354,55.223,54.257,70.011,61.634,67.399,69.871,52.401
2022-03-28,70.09,49.56,3.078,65.80942857142857,6613,66.13,65.24714285714286,424,42.4,46.7,37.0,0.0,0.0,1396.0,4924.0,4180.0,4295.0,10499.0,5643.0,13146.0,7177.0,3500.0,6691.0,6125.0,590.0,466.0,446.0,468.0,449.0,304.0,464.0,475.0,591.0,360.0,8.0,0.0,12.0,0.0,0.0,3.0,0.0,7.0,16.0,0.0,1285.0,1358.0,1347.0,1345.0,1340.0,1334.0,1283.0,1310.0,1278.0,1383.0,0.0,0.0,0.0,0.0,0.0,2.0,0.0,3.0,0.0,0.0,67.0,26.0,70.0,92.0,32.0,90.0,151.0,107.0,60.0,45.0,66.738,68.319,77.498,60.354,55.223,54.257,70.011,61.634,67.399,69.871
2022-03-29,69.852,50.005,3.028,62.07571428571429,10141,101.41,67.06428571428572,404,40.4,47.728571428571435,120.0,0.0,0.0,1316.0,6613.0,4924.0,4180.0,4295.0,10499.0,5643.0,13146.0,7177.0,3500.0,6691.0,424.0,590.0,466.0,446.0,468.0,449.0,304.0,464.0,475.0,591.0,0.0,8.0,0.0,12.0,0.0,0.0,3.0,0.0,7.0,16.0,1396.0,1285.0,1358.0,1347.0,1345.0,1340.0,1334.0,1283.0,1310.0,1278.0,0.0,0.0,0.0,0.0,0.0,0.0,2.0,0.0,3.0,0.0,37.0,67.0,26.0,70.0,92.0,32.0,90.0,151.0,107.0,60.0,70.09,66.738,68.319,77.498,60.354,55.223,54.257,70.011,61.634,67.399
2022-03-30,53.795,53.843,2.862,60.86585714285714,6469,64.69,66.99714285714285,432,43.2,49.699999999999996,52.0,0.0,0.0,1364.0,10141.0,6613.0,4924.0,4180.0,4295.0,10499.0,5643.0,13146.0,7177.0,3500.0,404.0,424.0,590.0,466.0,446.0,468.0,449.0,304.0,464.0,475.0,0.0,0.0,8.0,0.0,12.0,0.0,0.0,3.0,0.0,7.0,1316.0,1396.0,1285.0,1358.0,1347.0,1345.0,1340.0,1334.0,1283.0,1310.0,0.0,0.0,0.0,0.0,0.0,0.0,0.0,2.0,0.0,3.0,120.0,37.0,67.0,26.0,70.0,92.0,32.0,90.0,151.0,107.0,69.852,70.09,66.738,68.319,77.498,60.354,55.223,54.257,70.011,61.634
2022-03-31,54.374,54.912,2.964,59.414857142857144,9051,90.51,63.71142857142858,507,50.7,48.24285714285714,102.0,0.0,0.0,1287.0,6469.0,10141.0,6613.0,4924.0,4180.0,4295.0,10499.0,5643.0,13146.0,7177.0,432.0,404.0,424.0,590.0,466.0,446.0,468.0,449.0,304.0,464.0,0.0,0.0,0.0,8.0,0.0,12.0,0.0,0.0,3.0,0.0,1364.0,1316.0,1396.0,1285.0,1358.0,1347.0,1345.0,1340.0,1334.0,1283.0,0.0,0.0,0.0,0.0,0.0,0.0,0.0,0.0,2.0,0.0,52.0,120.0,37.0,67.0,26.0,70.0,92.0,32.0,90.0,151.0,53.795,69.852,70.09,66.738,68.319,77.498,60.354,55.223,54.257,70.011
2022-04-01,51.362,55.763,2.808,54.968714285714285,5567,55.67,58.77714285714286,518,51.8,48.957142857142856,33.0,0.0,0.0,1395.0,9051.0,6469.0,10141.0,6613.0,4924.0,4180.0,4295.0,10499.0,5643.0,13146.0,507.0,432.0,404.0,424.0,590.0,466.0,446.0,468.0,449.0,304.0,0.0,0.0,0.0,0.0,8.0,0.0,12.0,0.0,0.0,3.0,1287.0,1364.0,1316.0,1396.0,1285.0,1358.0,1347.0,1345.0,1340.0,1334.0,0.0,0.0,0.0,0.0,0.0,0.0,0.0,0.0,0.0,2.0,102.0,52.0,120.0,37.0,67.0,26.0,70.0,92.0,32.0,90.0,54.374,53.795,69.852,70.09,66.738,68.319,77.498,60.354,55.223,54.257
2022-04-02,59.85,52.718,3.041,52.595142857142854,4133,41.33,51.21857142857142,604,60.4,50.22857142857142,17.0,5.0,0.0,1391.0,5567.0,9051.0,6469.0,10141.0,6613.0,4924.0,4180.0,4295.0,10499.0,5643.0,518.0,507.0,432.0,404.0,424.0,590.0,466.0,446.0,468.0,449.0,0.0,0.0,0.0,0.0,0.0,8.0,0.0,12.0,0.0,0.0,1395.0,1287.0,1364.0,1316.0,1396.0,1285.0,1358.0,1347.0,1345.0,1340.0,0.0,0.0,0.0,0.0,0.0,0.0,0.0,0.0,0.0,0.0,33.0,102.0,52.0,120.0,37.0,67.0,26.0,70.0,92.0,32.0,51.362,54.374,53.795,69.852,70.09,66.738,68.319,77.498,60.354,55.223
2022-04-03,56.581,50.778,3.045,53.65871428571428,2624,26.24,48.208571428571425,488,48.8,50.75714285714285,76.0,1.0,0.0,1342.0,4133.0,5567.0,9051.0,6469.0,10141.0,6613.0,4924.0,4180.0,4295.0,10499.0,604.0,518.0,507.0,432.0,404.0,424.0,590.0,466.0,446.0,468.0,5.0,0.0,0.0,0.0,0.0,0.0,8.0,0.0,12.0,0.0,1391.0,1395.0,1287.0,1364.0,1316.0,1396.0,1285.0,1358.0,1347.0,1345.0,0.0,0.0,0.0,0.0,0.0,0.0,0.0,0.0,0.0,0.0,17.0,33.0,102.0,52.0,120.0,37.0,67.0,26.0,70.0,92.0,59.85,51.362,54.374,53.795,69.852,70.09,66.738,68.319,77.498,60.354
2022-04-04,38.967,57.986,2.553,52.68585714285715,3159,31.59,39.25142857142857,474,47.4,52.41428571428571,48.0,0.0,0.0,1388.0,2624.0,4133.0,5567.0,9051.0,6469.0,10141.0,6613.0,4924.0,4180.0,4295.0,488.0,604.0,518.0,507.0,432.0,404.0,424.0,590.0,466.0,446.0,1.0,5.0,0.0,0.0,0.0,0.0,0.0,8.0,0.0,12.0,1342.0,1391.0,1395.0,1287.0,1364.0,1316.0,1396.0,1285.0,1358.0,1347.0,0.0,0.0,0.0,0.0,0.0,0.0,0.0,0.0,0.0,0.0,76.0,17.0,33.0,102.0,52.0,120.0,37.0,67.0,26.0,70.0,56.581,59.85,51.362,54.374,53.795,69.852,70.09,66.738,68.319,77.498
2022-04-05,53.237,53.594,2.803,50.75985714285714,4850,48.5,40.59428571428571,493,49.3,52.8,41.0,0.0,0.0,1193.0,3159.0,2624.0,4133.0,5567.0,9051.0,6469.0,10141.0,6613.0,4924.0,4180.0,474.0,488.0,604.0,518.0,507.0,432.0,404.0,424.0,590.0,466.0,0.0,1.0,5.0,0.0,0.0,0.0,0.0,0.0,8.0,0.0,1388.0,1342.0,1391.0,1395.0,1287.0,1364.0,1316.0,1396.0,1285.0,1358.0,0.0,0.0,0.0,0.0,0.0,0.0,0.0,0.0,0.0,0.0,48.0,76.0,17.0,33.0,102.0,52.0,120.0,37.0,67.0,26.0,38.967,56.581,59.85,51.362,54.374,53.795,69.852,70.09,66.738,68.319
2022-04-06,61.24,51.39,2.882,47.45257142857143,4362,43.62,36.39142857142857,469,46.9,53.82857142857142,56.0,1.0,2.0,1375.0,4850.0,3159.0,2624.0,4133.0,5567.0,9051.0,6469.0,10141.0,6613.0,4924.0,493.0,474.0,488.0,604.0,518.0,507.0,432.0,404.0,424.0,590.0,0.0,0.0,1.0,5.0,0.0,0.0,0.0,0.0,0.0,8.0,1193.0,1388.0,1342.0,1391.0,1395.0,1287.0,1364.0,1316.0,1396.0,1285.0,0.0,0.0,0.0,0.0,0.0,0.0,0.0,0.0,0.0,0.0,41.0,48.0,76.0,17.0,33.0,102.0,52.0,120.0,37.0,67.0,53.237,38.967,56.581,59.85,51.362,54.374,53.795,69.852,70.09,66.738
2022-04-07,47.564,55.114,2.655,44.75857142857143,2781,27.81,33.83714285714286,623,62.3,55.25714285714285,51.0,0.0,4.0,1355.0,4362.0,4850.0,3159.0,2624.0,4133.0,5567.0,9051.0,6469.0,10141.0,6613.0,469.0,493.0,474.0,488.0,604.0,518.0,507.0,432.0,404.0,424.0,1.0,0.0,0.0,1.0,5.0,0.0,0.0,0.0,0.0,0.0,1375.0,1193.0,1388.0,1342.0,1391.0,1395.0,1287.0,1364.0,1316.0,1396.0,2.0,0.0,0.0,0.0,0.0,0.0,0.0,0.0,0.0,0.0,56.0,41.0,48.0,76.0,17.0,33.0,102.0,52.0,120.0,37.0,61.24,53.237,38.967,56.581,59.85,51.362,54.374,53.795,69.852,70.09
2022-04-08,37.88,58.243,2.614,47.061,6507,65.07,37.76,545,54.5,53.614285714285714,34.0,0.0,0.0,1368.0,2781.0,4362.0,4850.0,3159.0,2624.0,4133.0,5567.0,9051.0,6469.0,10141.0,623.0,469.0,493.0,474.0,488.0,604.0,518.0,507.0,432.0,404.0,0.0,1.0,0.0,0.0,1.0,5.0,0.0,0.0,0.0,0.0,1355.0,1375.0,1193.0,1388.0,1342.0,1391.0,1395.0,1287.0,1364.0,1316.0,4.0,2.0,0.0,0.0,0.0,0.0,0.0,0.0,0.0,0.0,51.0,56.0,41.0,48.0,76.0,17.0,33.0,102.0,52.0,120.0,47.564,61.24,53.237,38.967,56.581,59.85,51.362,54.374,53.795,69.852
2022-04-09,36.699,60.948,2.87,46.30571428571428,1191,11.91,45.90714285714285,676,67.6,51.47142857142857,21.0,1.0,0.0,1398.0,6507.0,2781.0,4362.0,4850.0,3159.0,2624.0,4133.0,5567.0,9051.0,6469.0,545.0,623.0,469.0,493.0,474.0,488.0,604.0,518.0,507.0,432.0,0.0,0.0,1.0,0.0,0.0,1.0,5.0,0.0,0.0,0.0,1368.0,1355.0,1375.0,1193.0,1388.0,1342.0,1391.0,1395.0,1287.0,1364.0,0.0,4.0,2.0,0.0,0.0,0.0,0.0,0.0,0.0,0.0,34.0,51.0,56.0,41.0,48.0,76.0,17.0,33.0,102.0,52.0,37.88,47.564,61.24,53.237,38.967,56.581,59.85,51.362,54.374,53.795
2022-04-10,37.723,59.664,2.669,43.241142857142854,836,8.36,47.50428571428571,588,58.8,51.971428571428575,9.0,0.0,0.0,1334.0,1191.0,6507.0,2781.0,4362.0,4850.0,3159.0,2624.0,4133.0,5567.0,9051.0,676.0,545.0,623.0,469.0,493.0,474.0,488.0,604.0,518.0,507.0,1.0,0.0,0.0,1.0,0.0,0.0,1.0,5.0,0.0,0.0,1398.0,1368.0,1355.0,1375.0,1193.0,1388.0,1342.0,1391.0,1395.0,1287.0,0.0,0.0,4.0,2.0,0.0,0.0,0.0,0.0,0.0,0.0,21.0,34.0,51.0,56.0,41.0,48.0,76.0,17.0,33.0,102.0,36.699,37.88,47.564,61.24,53.237,38.967,56.581,59.85,51.362,54.374
2022-04-11,55.084,53.423,2.737,43.164,5905,59.05,58.33857142857143,359,35.9,49.528571428571425,86.0,1.0,0.0,1091.0,836.0,1191.0,6507.0,2781.0,4362.0,4850.0,3159.0,2624.0,4133.0,5567.0,588.0,676.0,545.0,623.0,469.0,493.0,474.0,488.0,604.0,518.0,0.0,1.0,0.0,0.0,1.0,0.0,0.0,1.0,5.0,0.0,1334.0,1398.0,1368.0,1355.0,1375.0,1193.0,1388.0,1342.0,1391.0,1395.0,0.0,0.0,0.0,4.0,2.0,0.0,0.0,0.0,0.0,0.0,9.0,21.0,34.0,51.0,56.0,41.0,48.0,76.0,17.0,33.0,37.723,36.699,37.88,47.564,61.24,53.237,38.967,56.581,59.85,51.362
2022-04-12,47.95,56.42,2.72,46.83714285714286,10553,105.53,64.35142857142857,343,34.3,49.67142857142857,185.0,3.0,0.0,1210.0,5905.0,836.0,1191.0,6507.0,2781.0,4362.0,4850.0,3159.0,2624.0,4133.0,359.0,588.0,676.0,545.0,623.0,469.0,493.0,474.0,488.0,604.0,1.0,0.0,1.0,0.0,0.0,1.0,0.0,0.0,1.0,5.0,1091.0,1334.0,1398.0,1368.0,1355.0,1375.0,1193.0,1388.0,1342.0,1391.0,0.0,0.0,0.0,0.0,4.0,2.0,0.0,0.0,0.0,0.0,86.0,9.0,21.0,34.0,51.0,56.0,41.0,48.0,76.0,17.0,55.084,37.723,36.699,37.88,47.564,61.24,53.237,38.967,56.581,59.85
2022-04-13,39.788,57.695,2.64,48.472142857142856,5480,54.8,73.70857142857143,504,50.4,47.214285714285715,96.0,2.0,0.0,1339.0,10553.0,5905.0,836.0,1191.0,6507.0,2781.0,4362.0,4850.0,3159.0,2624.0,343.0,359.0,588.0,676.0,545.0,623.0,469.0,493.0,474.0,488.0,3.0,1.0,0.0,1.0,0.0,0.0,1.0,0.0,0.0,1.0,1210.0,1091.0,1334.0,1398.0,1368.0,1355.0,1375.0,1193.0,1388.0,1342.0,0.0,0.0,0.0,0.0,0.0,4.0,2.0,0.0,0.0,0.0,185.0,86.0,9.0,21.0,34.0,51.0,56.0,41.0,48.0,76.0,47.95,55.084,37.723,36.699,37.88,47.564,61.24,53.237,38.967,56.581
2022-04-14,47.024,57.972,2.721,51.716142857142856,10365,103.65,83.64,452,45.2,42.9,166.0,1.0,0.0,1261.0,5480.0,10553.0,5905.0,836.0,1191.0,6507.0,2781.0,4362.0,4850.0,3159.0,504.0,343.0,359.0,588.0,676.0,545.0,623.0,469.0,493.0,474.0,2.0,3.0,1.0,0.0,1.0,0.0,0.0,1.0,0.0,0.0,1339.0,1210.0,1091.0,1334.0,1398.0,1368.0,1355.0,1375.0,1193.0,1388.0,0.0,0.0,0.0,0.0,0.0,0.0,4.0,2.0,0.0,0.0,96.0,185.0,86.0,9.0,21.0,34.0,51.0,56.0,41.0,48.0,39.788,47.95,55.084,37.723,36.699,37.88,47.564,61.24,53.237,38.967
2022-04-16,63.592,52.604,2.885,52.916,10716,107.16,86.37428571428572,555,55.5,43.785714285714285,184.0,5.0,0.0,1140.0,10365.0,5480.0,10553.0,5905.0,836.0,1191.0,6507.0,2781.0,4362.0,4850.0,452.0,504.0,343.0,359.0,588.0,676.0,545.0,623.0,469.0,493.0,1.0,2.0,3.0,1.0,0.0,1.0,0.0,0.0,1.0,0.0,1261.0,1339.0,1210.0,1091.0,1334.0,1398.0,1368.0,1355.0,1375.0,1193.0,0.0,0.0,0.0,0.0,0.0,0.0,0.0,4.0,2.0,0.0,166.0,96.0,185.0,86.0,9.0,21.0,34.0,51.0,56.0,41.0,47.024,39.788,47.95,55.084,37.723,36.699,37.88,47.564,61.24,53.237
2022-04-17,48.144,57.817,2.795,52.08814285714285,7741,77.41,81.45,504,50.4,45.2,48.0,1.0,1.0,1378.0,10716.0,10365.0,5480.0,10553.0,5905.0,836.0,1191.0,6507.0,2781.0,4362.0,555.0,452.0,504.0,343.0,359.0,588.0,676.0,545.0,623.0,469.0,5.0,1.0,2.0,3.0,1.0,0.0,1.0,0.0,0.0,1.0,1140.0,1261.0,1339.0,1210.0,1091.0,1334.0,1398.0,1368.0,1355.0,1375.0,0.0,0.0,0.0,0.0,0.0,0.0,0.0,0.0,4.0,2.0,184.0,166.0,96.0,185.0,86.0,9.0,21.0,34.0,51.0,56.0,63.592,47.024,39.788,47.95,55.084,37.723,36.699,37.88,47.564,61.24
2022-04-18,60.431,51.63,2.886,54.47942857142857,7788,77.88,89.91142857142856,286,28.6,43.58571428571429,76.0,0.0,0.0,1358.0,7741.0,10716.0,10365.0,5480.0,10553.0,5905.0,836.0,1191.0,6507.0,2781.0,504.0,555.0,452.0,504.0,343.0,359.0,588.0,676.0,545.0,623.0,1.0,5.0,1.0,2.0,3.0,1.0,0.0,1.0,0.0,0.0,1378.0,1140.0,1261.0,1339.0,1210.0,1091.0,1334.0,1398.0,1368.0,1355.0,1.0,0.0,0.0,0.0,0.0,0.0,0.0,0.0,0.0,4.0,48.0,184.0,166.0,96.0,185.0,86.0,9.0,21.0,34.0,51.0,48.144,63.592,47.024,39.788,47.95,55.084,37.723,36.699,37.88,47.564
2022-04-19,63.483,51.449,2.959,56.49542857142857,7819,78.19,85.2,421,42.1,43.357142857142854,63.0,4.0,0.0,1370.0,7788.0,7741.0,10716.0,10365.0,5480.0,10553.0,5905.0,836.0,1191.0,6507.0,286.0,504.0,555.0,452.0,504.0,343.0,359.0,588.0,676.0,545.0,0.0,1.0,5.0,1.0,2.0,3.0,1.0,0.0,1.0,0.0,1358.0,1378.0,1140.0,1261.0,1339.0,1210.0,1091.0,1334.0,1398.0,1368.0,0.0,1.0,0.0,0.0,0.0,0.0,0.0,0.0,0.0,0.0,76.0,48.0,184.0,166.0,96.0,185.0,86.0,9.0,21.0,34.0,60.431,48.144,63.592,47.024,39.788,47.95,55.084,37.723,36.699,37.88
2022-04-20,42.155,60.921,2.6,56.428,7106,71.06,78.22142857142856,442,44.2,45.471428571428575,40.0,0.0,0.0,1286.0,7819.0,7788.0,7741.0,10716.0,10365.0,5480.0,10553.0,5905.0,836.0,1191.0,421.0,286.0,504.0,555.0,452.0,504.0,343.0,359.0,588.0,676.0,4.0,0.0,1.0,5.0,1.0,2.0,3.0,1.0,0.0,1.0,1370.0,1358.0,1378.0,1140.0,1261.0,1339.0,1210.0,1091.0,1334.0,1398.0,0.0,0.0,1.0,0.0,0.0,0.0,0.0,0.0,0.0,0.0,63.0,76.0,48.0,184.0,166.0,96.0,185.0,86.0,9.0,21.0,63.483,60.431,48.144,63.592,47.024,39.788,47.95,55.084,37.723,36.699
2022-04-21,56.527,52.4,2.814,56.000142857142855,11403,114.03,70.45,391,39.1,46.38571428571429,101.0,0.0,0.0,1332.0,7106.0,7819.0,7788.0,7741.0,10716.0,10365.0,5480.0,10553.0,5905.0,836.0,442.0,421.0,286.0,504.0,555.0,452.0,504.0,343.0,359.0,588.0,0.0,4.0,0.0,1.0,5.0,1.0,2.0,3.0,1.0,0.0,1286.0,1370.0,1358.0,1378.0,1140.0,1261.0,1339.0,1210.0,1091.0,1334.0,0.0,0.0,0.0,1.0,0.0,0.0,0.0,0.0,0.0,0.0,40.0,63.0,76.0,48.0,184.0,166.0,96.0,185.0,86.0,9.0,42.155,63.483,60.431,48.144,63.592,47.024,39.788,47.95,55.084,37.723
2022-04-22,61.136,52.684,2.967,55.65271428571429,7067,70.67,68.17999999999999,436,43.6,47.142857142857146,90.0,0.0,0.0,1346.0,11403.0,7106.0,7819.0,7788.0,7741.0,10716.0,10365.0,5480.0,10553.0,5905.0,391.0,442.0,421.0,286.0,504.0,555.0,452.0,504.0,343.0,359.0,0.0,0.0,4.0,0.0,1.0,5.0,1.0,2.0,3.0,1.0,1332.0,1286.0,1370.0,1358.0,1378.0,1140.0,1261.0,1339.0,1210.0,1091.0,0.0,0.0,0.0,0.0,1.0,0.0,0.0,0.0,0.0,0.0,101.0,40.0,63.0,76.0,48.0,184.0,166.0,96.0,185.0,86.0,56.527,42.155,63.483,60.431,48.144,63.592,47.024,39.788,47.95,55.084
2022-04-23,63.12,52.537,3.054,54.34585714285714,5831,58.31,72.69571428571429,703,70.3,47.11428571428571,87.0,7.0,0.0,1343.0,7067.0,11403.0,7106.0,7819.0,7788.0,7741.0,10716.0,10365.0,5480.0,10553.0,436.0,391.0,442.0,421.0,286.0,504.0,555.0,452.0,504.0,343.0,0.0,0.0,0.0,4.0,0.0,1.0,5.0,1.0,2.0,3.0,1346.0,1332.0,1286.0,1370.0,1358.0,1378.0,1140.0,1261.0,1339.0,1210.0,0.0,0.0,0.0,0.0,0.0,1.0,0.0,0.0,0.0,0.0,90.0,101.0,40.0,63.0,76.0,48.0,184.0,166.0,96.0,185.0,61.136,56.527,42.155,63.483,60.431,48.144,63.592,47.024,39.788,47.95
2022-04-24,45.149,59.338,2.739,55.52414285714286,2301,23.01,70.71285714285713,568,56.8,45.9,35.0,0.0,0.0,1398.0,5831.0,7067.0,11403.0,7106.0,7819.0,7788.0,7741.0,10716.0,10365.0,5480.0,703.0,436.0,391.0,442.0,421.0,286.0,504.0,555.0,452.0,504.0,7.0,0.0,0.0,0.0,4.0,0.0,1.0,5.0,1.0,2.0,1343.0,1346.0,1332.0,1286.0,1370.0,1358.0,1378.0,1140.0,1261.0,1339.0,0.0,0.0,0.0,0.0,0.0,0.0,1.0,0.0,0.0,0.0,87.0,90.0,101.0,40.0,63.0,76.0,48.0,184.0,166.0,96.0,63.12,61.136,56.527,42.155,63.483,60.431,48.144,63.592,47.024,39.788
2022-04-25,57.999,52.889,2.846,56.20328571428571,6199,61.99,69.91714285714285,339,33.9,44.71428571428572,96.0,0.0,0.0,1314.0,2301.0,5831.0,7067.0,11403.0,7106.0,7819.0,7788.0,7741.0,10716.0,10365.0,568.0,703.0,436.0,391.0,442.0,421.0,286.0,504.0,555.0,452.0,0.0,7.0,0.0,0.0,0.0,4.0,0.0,1.0,5.0,1.0,1398.0,1343.0,1346.0,1332.0,1286.0,1370.0,1358.0,1378.0,1140.0,1261.0,0.0,0.0,0.0,0.0,0.0,0.0,0.0,1.0,0.0,0.0,35.0,87.0,90.0,101.0,40.0,63.0,76.0,48.0,184.0,166.0,45.149,63.12,61.136,56.527,42.155,63.483,60.431,48.144,63.592,47.024
2022-04-26,54.335,53.617,2.825,56.610285714285716,10980,109.8,73.92999999999999,419,41.9,45.55714285714286,129.0,6.0,1.0,1084.0,6199.0,2301.0,5831.0,7067.0,11403.0,7106.0,7819.0,7788.0,7741.0,10716.0,339.0,568.0,703.0,436.0,391.0,442.0,421.0,286.0,504.0,555.0,0.0,0.0,7.0,0.0,0.0,0.0,4.0,0.0,1.0,5.0,1314.0,1398.0,1343.0,1346.0,1332.0,1286.0,1370.0,1358.0,1378.0,1140.0,0.0,0.0,0.0,0.0,0.0,0.0,0.0,0.0,1.0,0.0,96.0,35.0,87.0,90.0,101.0,40.0,63.0,76.0,48.0,184.0,57.999,45.149,63.12,61.136,56.527,42.155,63.483,60.431,48.144,63.592
2022-04-27,50.403,54.302,2.937,56.29014285714286,5718,57.18,68.79714285714286,357,35.7,41.357142857142854,33.0,0.0,0.0,1384.0,10980.0,6199.0,2301.0,5831.0,7067.0,11403.0,7106.0,7819.0,7788.0,7741.0,419.0,339.0,568.0,703.0,436.0,391.0,442.0,421.0,286.0,504.0,6.0,0.0,0.0,7.0,0.0,0.0,0.0,4.0,0.0,1.0,1084.0,1314.0,1398.0,1343.0,1346.0,1332.0,1286.0,1370.0,1358.0,1378.0,1.0,0.0,0.0,0.0,0.0,0.0,0.0,0.0,0.0,1.0,129.0,96.0,35.0,87.0,90.0,101.0,40.0,63.0,76.0,48.0,54.335,57.999,45.149,63.12,61.136,56.527,42.155,63.483,60.431,48.144
2022-04-28,61.281,50.059,2.895,59.476285714285716,10846,108.46,69.89999999999999,308,30.8,39.98571428571428,60.0,0.0,0.0,1318.0,5718.0,10980.0,6199.0,2301.0,5831.0,7067.0,11403.0,7106.0,7819.0,7788.0,357.0,419.0,339.0,568.0,703.0,436.0,391.0,442.0,421.0,286.0,0.0,6.0,0.0,0.0,7.0,0.0,0.0,0.0,4.0,0.0,1384.0,1084.0,1314.0,1398.0,1343.0,1346.0,1332.0,1286.0,1370.0,1358.0,0.0,1.0,0.0,0.0,0.0,0.0,0.0,0.0,0.0,0.0,33.0,129.0,96.0,35.0,87.0,90.0,101.0,40.0,63.0,76.0,50.403,54.335,57.999,45.149,63.12,61.136,56.527,42.155,63.483,60.431
2022-04-29,63.985,53.504,3.04,58.19757142857143,9876,98.76,68.86428571428571,495,49.5,39.457142857142856,51.0,8.0,0.0,1367.0,10846.0,5718.0,10980.0,6199.0,2301.0,5831.0,7067.0,11403.0,7106.0,7819.0,308.0,357.0,419.0,339.0,568.0,703.0,436.0,391.0,442.0,421.0,0.0,0.0,6.0,0.0,0.0,7.0,0.0,0.0,0.0,4.0,1318.0,1384.0,1084.0,1314.0,1398.0,1343.0,1346.0,1332.0,1286.0,1370.0,0.0,0.0,1.0,0.0,0.0,0.0,0.0,0.0,0.0,0.0,60.0,33.0,129.0,96.0,35.0,87.0,90.0,101.0,40.0,63.0,61.281,50.403,54.335,57.999,45.149,63.12,61.136,56.527,42.155,63.483
2022-04-30,60.879,53.224,3.012,59.32085714285714,2238,22.38,65.00142857142858,409,40.9,39.971428571428575,32.0,0.0,0.0,1263.0,9876.0,10846.0,5718.0,10980.0,6199.0,2301.0,5831.0,7067.0,11403.0,7106.0,495.0,308.0,357.0,419.0,339.0,568.0,703.0,436.0,391.0,442.0,8.0,0.0,0.0,6.0,0.0,0.0,7.0,0.0,0.0,0.0,1367.0,1318.0,1384.0,1084.0,1314.0,1398.0,1343.0,1346.0,1332.0,1286.0,0.0,0.0,0.0,1.0,0.0,0.0,0.0,0.0,0.0,0.0,51.0,60.0,33.0,129.0,96.0,35.0,87.0,90.0,101.0,40.0,63.985,61.281,50.403,54.335,57.999,45.149,63.12,61.136,56.527,42.155
2022-05-01,67.452,49.973,2.929,61.92728571428571,3073,30.73,70.84428571428572,472,47.2,39.857142857142854,60.0,14.0,0.0,1359.0,2238.0,9876.0,10846.0,5718.0,10980.0,6199.0,2301.0,5831.0,7067.0,11403.0,409.0,495.0,308.0,357.0,419.0,339.0,568.0,703.0,436.0,391.0,0.0,8.0,0.0,0.0,6.0,0.0,0.0,7.0,0.0,0.0,1263.0,1367.0,1318.0,1384.0,1084.0,1314.0,1398.0,1343.0,1346.0,1332.0,0.0,0.0,0.0,0.0,1.0,0.0,0.0,0.0,0.0,0.0,32.0,51.0,60.0,33.0,129.0,96.0,35.0,87.0,90.0,101.0,60.879,63.985,61.281,50.403,54.335,57.999,45.149,63.12,61.136,56.527
2022-05-02,49.048,54.31,2.89,61.75742857142857,5474,54.74,64.16285714285715,302,30.2,41.18571428571429,70.0,0.0,0.0,608.0,3073.0,2238.0,9876.0,10846.0,5718.0,10980.0,6199.0,2301.0,5831.0,7067.0,472.0,409.0,495.0,308.0,357.0,419.0,339.0,568.0,703.0,436.0,14.0,0.0,8.0,0.0,0.0,6.0,0.0,0.0,7.0,0.0,1359.0,1263.0,1367.0,1318.0,1384.0,1084.0,1314.0,1398.0,1343.0,1346.0,0.0,0.0,0.0,0.0,0.0,1.0,0.0,0.0,0.0,0.0,60.0,32.0,51.0,60.0,33.0,129.0,96.0,35.0,87.0,90.0,67.452,60.879,63.985,61.281,50.403,54.335,57.999,45.149,63.12,61.136
2022-05-04,62.198,54.562,3.078,60.58842857142857,8276,82.76,58.03142857142857,455,45.5,41.385714285714286,84.0,0.0,0.0,1345.0,5474.0,3073.0,2238.0,9876.0,10846.0,5718.0,10980.0,6199.0,2301.0,5831.0,302.0,472.0,409.0,495.0,308.0,357.0,419.0,339.0,568.0,703.0,0.0,14.0,0.0,8.0,0.0,0.0,6.0,0.0,0.0,7.0,608.0,1359.0,1263.0,1367.0,1318.0,1384.0,1084.0,1314.0,1398.0,1343.0,0.0,0.0,0.0,0.0,0.0,0.0,1.0,0.0,0.0,0.0,70.0,60.0,32.0,51.0,60.0,33.0,129.0,96.0,35.0,87.0,49.048,67.452,60.879,63.985,61.281,50.403,54.335,57.999,45.149,63.12
2022-05-05,68.648,51.659,2.956,59.787,9808,98.08,61.23142857142857,349,34.9,41.857142857142854,71.0,1.0,0.0,1320.0,8276.0,5474.0,3073.0,2238.0,9876.0,10846.0,5718.0,10980.0,6199.0,2301.0,455.0,302.0,472.0,409.0,495.0,308.0,357.0,419.0,339.0,568.0,0.0,0.0,14.0,0.0,8.0,0.0,0.0,6.0,0.0,0.0,1345.0,608.0,1359.0,1263.0,1367.0,1318.0,1384.0,1084.0,1314.0,1398.0,0.0,0.0,0.0,0.0,0.0,0.0,0.0,1.0,0.0,0.0,84.0,70.0,60.0,32.0,51.0,60.0,33.0,129.0,96.0,35.0,62.198,49.048,67.452,60.879,63.985,61.281,50.403,54.335,57.999,45.149
2022-05-06,60.092,52.887,2.89,58.55228571428571,6169,61.69,64.85857142857142,401,40.1,42.457142857142856,55.0,0.0,0.0,1194.0,9808.0,8276.0,5474.0,3073.0,2238.0,9876.0,10846.0,5718.0,10980.0,6199.0,349.0,455.0,302.0,472.0,409.0,495.0,308.0,357.0,419.0,339.0,1.0,0.0,0.0,14.0,0.0,8.0,0.0,0.0,6.0,0.0,1320.0,1345.0,608.0,1359.0,1263.0,1367.0,1318.0,1384.0,1084.0,1314.0,0.0,0.0,0.0,0.0,0.0,0.0,0.0,0.0,1.0,0.0,71.0,84.0,70.0,60.0,32.0,51.0,60.0,33.0,129.0,96.0,68.648,62.198,49.048,67.452,60.879,63.985,61.281,50.403,54.335,57.999
2022-05-07,55.802,53.573,2.885,60.01085714285715,5584,55.84,71.71428571428571,509,50.9,41.871428571428574,37.0,0.0,0.0,1259.0,6169.0,9808.0,8276.0,5474.0,3073.0,2238.0,9876.0,10846.0,5718.0,10980.0,401.0,349.0,455.0,302.0,472.0,409.0,495.0,308.0,357.0,419.0,0.0,1.0,0.0,0.0,14.0,0.0,8.0,0.0,0.0,6.0,1194.0,1320.0,1345.0,608.0,1359.0,1263.0,1367.0,1318.0,1384.0,1084.0,0.0,0.0,0.0,0.0,0.0,0.0,0.0,0.0,0.0,1.0,55.0,71.0,84.0,70.0,60.0,32.0,51.0,60.0,33.0,129.0,60.092,68.648,62.198,49.048,67.452,60.879,63.985,61.281,50.403,54.335
2022-05-09,55.269,55.57,2.965,58.038000000000004,4478,44.78,67.73285714285716,442,44.2,42.042857142857144,35.0,0.0,0.0,1249.0,5584.0,6169.0,9808.0,8276.0,5474.0,3073.0,2238.0,9876.0,10846.0,5718.0,509.0,401.0,349.0,455.0,302.0,472.0,409.0,495.0,308.0,357.0,0.0,0.0,1.0,0.0,0.0,14.0,0.0,8.0,0.0,0.0,1259.0,1194.0,1320.0,1345.0,608.0,1359.0,1263.0,1367.0,1318.0,1384.0,0.0,0.0,0.0,0.0,0.0,0.0,0.0,0.0,0.0,0.0,37.0,55.0,71.0,84.0,70.0,60.0,32.0,51.0,60.0,33.0,55.802,60.092,68.648,62.198,49.048,67.452,60.879,63.985,61.281,50.403
2022-05-11,58.809,52.75,2.928,54.801857142857145,5612,56.12,55.87,514,51.4,41.685714285714276,130.0,0.0,0.0,1272.0,4478.0,5584.0,6169.0,9808.0,8276.0,5474.0,3073.0,2238.0,9876.0,10846.0,442.0,509.0,401.0,349.0,455.0,302.0,472.0,409.0,495.0,308.0,0.0,0.0,0.0,1.0,0.0,0.0,14.0,0.0,8.0,0.0,1249.0,1259.0,1194.0,1320.0,1345.0,608.0,1359.0,1263.0,1367.0,1318.0,0.0,0.0,0.0,0.0,0.0,0.0,0.0,0.0,0.0,0.0,35.0,37.0,55.0,71.0,84.0,70.0,60.0,32.0,51.0,60.0,55.269,55.802,60.092,68.648,62.198,49.048,67.452,60.879,63.985,61.281
2022-05-12,59.258,53.967,2.827,55.28557142857143,10273,102.73,48.098571428571425,261,26.1,41.95714285714286,320.0,0.0,0.0,1086.0,5612.0,4478.0,5584.0,6169.0,9808.0,8276.0,5474.0,3073.0,2238.0,9876.0,514.0,442.0,509.0,401.0,349.0,455.0,302.0,472.0,409.0,495.0,0.0,0.0,0.0,0.0,1.0,0.0,0.0,14.0,0.0,8.0,1272.0,1249.0,1259.0,1194.0,1320.0,1345.0,608.0,1359.0,1263.0,1367.0,0.0,0.0,0.0,0.0,0.0,0.0,0.0,0.0,0.0,0.0,130.0,35.0,37.0,55.0,71.0,84.0,70.0,60.0,32.0,51.0,58.809,55.269,55.802,60.092,68.648,62.198,49.048,67.452,60.879,63.985
2022-05-13,48.388,56.382,3.03,55.01485714285714,5489,54.89,54.15857142857143,467,46.7,40.48571428571429,49.0,0.0,0.0,1277.0,10273.0,5612.0,4478.0,5584.0,6169.0,9808.0,8276.0,5474.0,3073.0,2238.0,261.0,514.0,442.0,509.0,401.0,349.0,455.0,302.0,472.0,409.0,0.0,0.0,0.0,0.0,0.0,1.0,0.0,0.0,14.0,0.0,1086.0,1272.0,1249.0,1259.0,1194.0,1320.0,1345.0,608.0,1359.0,1263.0,0.0,0.0,0.0,0.0,0.0,0.0,0.0,0.0,0.0,0.0,320.0,130.0,35.0,37.0,55.0,71.0,84.0,70.0,60.0,32.0,59.258,58.809,55.269,55.802,60.092,68.648,62.198,49.048,67.452,60.879
2022-05-14,45.995,52.908,2.998,55.415,1504,15.04,60.21714285714285,324,32.4,38.41428571428571,12.0,1.0,0.0,1024.0,5489.0,10273.0,5612.0,4478.0,5584.0,6169.0,9808.0,8276.0,5474.0,3073.0,467.0,261.0,514.0,442.0,509.0,401.0,349.0,455.0,302.0,472.0,0.0,0.0,0.0,0.0,0.0,0.0,1.0,0.0,0.0,14.0,1277.0,1086.0,1272.0,1249.0,1259.0,1194.0,1320.0,1345.0,608.0,1359.0,0.0,0.0,0.0,0.0,0.0,0.0,0.0,0.0,0.0,0.0,49.0,320.0,130.0,35.0,37.0,55.0,71.0,84.0,70.0,60.0,48.388,59.258,58.809,55.269,55.802,60.092,68.648,62.198,49.048,67.452
2022-05-15,63.478,52.177,2.897,56.36571428571428,729,7.29,58.888571428571424,420,42.0,37.15714285714286,6.0,3.0,1.0,1116.0,1504.0,5489.0,10273.0,5612.0,4478.0,5584.0,6169.0,9808.0,8276.0,5474.0,324.0,467.0,261.0,514.0,442.0,509.0,401.0,349.0,455.0,302.0,1.0,0.0,0.0,0.0,0.0,0.0,0.0,1.0,0.0,0.0,1024.0,1277.0,1086.0,1272.0,1249.0,1259.0,1194.0,1320.0,1345.0,608.0,0.0,0.0,0.0,0.0,0.0,0.0,0.0,0.0,0.0,0.0,12.0,49.0,320.0,130.0,35.0,37.0,55.0,71.0,84.0,70.0,45.995,48.388,59.258,58.809,55.269,55.802,60.092,68.648,62.198,49.048
2022-05-16,53.907,54.339,2.894,55.94385714285714,9826,98.26,54.774285714285725,406,40.6,40.385714285714286,152.0,0.0,0.0,1252.0,729.0,1504.0,5489.0,10273.0,5612.0,4478.0,5584.0,6169.0,9808.0,8276.0,420.0,324.0,467.0,261.0,514.0,442.0,509.0,401.0,349.0,455.0,3.0,1.0,0.0,0.0,0.0,0.0,0.0,0.0,1.0,0.0,1116.0,1024.0,1277.0,1086.0,1272.0,1249.0,1259.0,1194.0,1320.0,1345.0,1.0,0.0,0.0,0.0,0.0,0.0,0.0,0.0,0.0,0.0,6.0,12.0,49.0,320.0,130.0,35.0,37.0,55.0,71.0,84.0,63.478,45.995,48.388,59.258,58.809,55.269,55.802,60.092,68.648,62.198
2022-05-17,58.07,54.327,2.98,57.52842857142856,8719,87.19,53.792857142857144,297,29.7,40.08571428571429,167.0,0.0,0.0,1154.0,9826.0,729.0,1504.0,5489.0,10273.0,5612.0,4478.0,5584.0,6169.0,9808.0,406.0,420.0,324.0,467.0,261.0,514.0,442.0,509.0,401.0,349.0,0.0,3.0,1.0,0.0,0.0,0.0,0.0,0.0,0.0,1.0,1252.0,1116.0,1024.0,1277.0,1086.0,1272.0,1249.0,1259.0,1194.0,1320.0,0.0,1.0,0.0,0.0,0.0,0.0,0.0,0.0,0.0,0.0,152.0,6.0,12.0,49.0,320.0,130.0,35.0,37.0,55.0,71.0,53.907,63.478,45.995,48.388,59.258,58.809,55.269,55.802,60.092,68.648
2022-05-18,65.464,51.483,2.988,60.299571428571426,4682,46.82,57.291428571428575,426,42.6,44.457142857142856,279.0,5.0,0.0,1137.0,8719.0,9826.0,729.0,1504.0,5489.0,10273.0,5612.0,4478.0,5584.0,6169.0,297.0,406.0,420.0,324.0,467.0,261.0,514.0,442.0,509.0,401.0,0.0,0.0,3.0,1.0,0.0,0.0,0.0,0.0,0.0,0.0,1154.0,1252.0,1116.0,1024.0,1277.0,1086.0,1272.0,1249.0,1259.0,1194.0,0.0,0.0,1.0,0.0,0.0,0.0,0.0,0.0,0.0,0.0,167.0,152.0,6.0,12.0,49.0,320.0,130.0,35.0,37.0,55.0,58.07,53.907,63.478,45.995,48.388,59.258,58.809,55.269,55.802,60.092
2022-05-19,56.305,55.791,2.877,57.241142857142854,7393,73.93,57.46571428571429,487,48.7,46.74285714285714,273.0,2.0,0.0,1157.0,4682.0,8719.0,9826.0,729.0,1504.0,5489.0,10273.0,5612.0,4478.0,5584.0,426.0,297.0,406.0,420.0,324.0,467.0,261.0,514.0,442.0,509.0,5.0,0.0,0.0,3.0,1.0,0.0,0.0,0.0,0.0,0.0,1137.0,1154.0,1252.0,1116.0,1024.0,1277.0,1086.0,1272.0,1249.0,1259.0,0.0,0.0,0.0,1.0,0.0,0.0,0.0,0.0,0.0,0.0,279.0,167.0,152.0,6.0,12.0,49.0,320.0,130.0,35.0,37.0,65.464,58.07,53.907,63.478,45.995,48.388,59.258,58.809,55.269,55.802
2022-05-20,59.48,54.023,3.188,58.20342857142857,4802,48.02,45.20714285714286,446,44.6,43.72857142857142,135.0,0.0,0.0,1277.0,7393.0,4682.0,8719.0,9826.0,729.0,1504.0,5489.0,10273.0,5612.0,4478.0,487.0,426.0,297.0,406.0,420.0,324.0,467.0,261.0,514.0,442.0,2.0,5.0,0.0,0.0,3.0,1.0,0.0,0.0,0.0,0.0,1157.0,1137.0,1154.0,1252.0,1116.0,1024.0,1277.0,1086.0,1272.0,1249.0,0.0,0.0,0.0,0.0,1.0,0.0,0.0,0.0,0.0,0.0,273.0,279.0,167.0,152.0,6.0,12.0,49.0,320.0,130.0,35.0,56.305,65.464,58.07,53.907,63.478,45.995,48.388,59.258,58.809,55.269
2022-05-21,65.393,53.357,3.146,60.98728571428571,3953,39.53,35.42,630,63.0,47.15714285714286,54.0,0.0,0.0,1293.0,4802.0,7393.0,4682.0,8719.0,9826.0,729.0,1504.0,5489.0,10273.0,5612.0,446.0,487.0,426.0,297.0,406.0,420.0,324.0,467.0,261.0,514.0,0.0,2.0,5.0,0.0,0.0,3.0,1.0,0.0,0.0,0.0,1277.0,1157.0,1137.0,1154.0,1252.0,1116.0,1024.0,1277.0,1086.0,1272.0,0.0,0.0,0.0,0.0,0.0,1.0,0.0,0.0,0.0,0.0,135.0,273.0,279.0,167.0,152.0,6.0,12.0,49.0,320.0,130.0,59.48,56.305,65.464,58.07,53.907,63.478,45.995,48.388,59.258,58.809
2022-05-22,42.069,58.842,2.833,60.88957142857142,851,8.51,32.681428571428576,580,58.0,48.285714285714285,13.0,0.0,0.0,1415.0,3953.0,4802.0,7393.0,4682.0,8719.0,9826.0,729.0,1504.0,5489.0,10273.0,630.0,446.0,487.0,426.0,297.0,406.0,420.0,324.0,467.0,261.0,0.0,0.0,2.0,5.0,0.0,0.0,3.0,1.0,0.0,0.0,1293.0,1277.0,1157.0,1137.0,1154.0,1252.0,1116.0,1024.0,1277.0,1086.0,0.0,0.0,0.0,0.0,0.0,0.0,1.0,0.0,0.0,0.0,54.0,135.0,273.0,279.0,167.0,152.0,6.0,12.0,49.0,320.0,65.393,59.48,56.305,65.464,58.07,53.907,63.478,45.995,48.388,59.258
2022-05-23,60.643,53.992,2.729,60.44571428571429,1245,12.45,24.47142857142857,195,19.5,48.17142857142857,220.0,4.0,8.0,1144.0,851.0,3953.0,4802.0,7393.0,4682.0,8719.0,9826.0,729.0,1504.0,5489.0,580.0,630.0,446.0,487.0,426.0,297.0,406.0,420.0,324.0,467.0,0.0,0.0,0.0,2.0,5.0,0.0,0.0,3.0,1.0,0.0,1415.0,1293.0,1277.0,1157.0,1137.0,1154.0,1252.0,1116.0,1024.0,1277.0,0.0,0.0,0.0,0.0,0.0,0.0,0.0,1.0,0.0,0.0,13.0,54.0,135.0,273.0,279.0,167.0,152.0,6.0,12.0,49.0,42.069,65.393,59.48,56.305,65.464,58.07,53.907,63.478,45.995,48.388
2022-05-24,77.557,49.49,3.131,61.16757142857143,1868,18.68,19.548571428571428,537,53.7,48.51428571428572,24.0,0.0,0.0,1328.0,1245.0,851.0,3953.0,4802.0,7393.0,4682.0,8719.0,9826.0,729.0,1504.0,195.0,580.0,630.0,446.0,487.0,426.0,297.0,406.0,420.0,324.0,4.0,0.0,0.0,0.0,2.0,5.0,0.0,0.0,3.0,1.0,1144.0,1415.0,1293.0,1277.0,1157.0,1137.0,1154.0,1252.0,1116.0,1024.0,8.0,0.0,0.0,0.0,0.0,0.0,0.0,0.0,1.0,0.0,220.0,13.0,54.0,135.0,273.0,279.0,167.0,152.0,6.0,12.0,60.643,42.069,65.393,59.48,56.305,65.464,58.07,53.907,63.478,45.995
2022-05-25,64.78,51.495,3.122,59.722142857142856,2765,27.65,14.578571428571427,505,50.5,47.34285714285715,60.0,3.0,2.0,1352.0,1868.0,1245.0,851.0,3953.0,4802.0,7393.0,4682.0,8719.0,9826.0,729.0,537.0,195.0,580.0,630.0,446.0,487.0,426.0,297.0,406.0,420.0,0.0,4.0,0.0,0.0,0.0,2.0,5.0,0.0,0.0,3.0,1328.0,1144.0,1415.0,1293.0,1277.0,1157.0,1137.0,1154.0,1252.0,1116.0,0.0,8.0,0.0,0.0,0.0,0.0,0.0,0.0,0.0,1.0,24.0,220.0,13.0,54.0,135.0,273.0,279.0,167.0,152.0,6.0,77.557,60.643,42.069,65.393,59.48,56.305,65.464,58.07,53.907,63.478
2022-05-26,53.198,53.212,2.961,60.52157142857142,1646,16.46,17.541428571428572,479,47.9,45.12857142857143,17.0,0.0,0.0,1414.0,2765.0,1868.0,1245.0,851.0,3953.0,4802.0,7393.0,4682.0,8719.0,9826.0,505.0,537.0,195.0,580.0,630.0,446.0,487.0,426.0,297.0,406.0,3.0,0.0,4.0,0.0,0.0,0.0,2.0,5.0,0.0,0.0,1352.0,1328.0,1144.0,1415.0,1293.0,1277.0,1157.0,1137.0,1154.0,1252.0,2.0,0.0,8.0,0.0,0.0,0.0,0.0,0.0,0.0,0.0,60.0,24.0,220.0,13.0,54.0,135.0,273.0,279.0,167.0,152.0,64.78,77.557,60.643,42.069,65.393,59.48,56.305,65.464,58.07,53.907
2022-05-27,64.533,51.024,3.121,59.92257142857143,1356,13.56,37.23142857142857,470,47.0,47.114285714285714,5.0,0.0,0.0,1067.0,1646.0,2765.0,1868.0,1245.0,851.0,3953.0,4802.0,7393.0,4682.0,8719.0,479.0,505.0,537.0,195.0,580.0,630.0,446.0,487.0,426.0,297.0,0.0,3.0,0.0,4.0,0.0,0.0,0.0,2.0,5.0,0.0,1414.0,1352.0,1328.0,1144.0,1415.0,1293.0,1277.0,1157.0,1137.0,1154.0,0.0,2.0,0.0,8.0,0.0,0.0,0.0,0.0,0.0,0.0,17.0,60.0,24.0,220.0,13.0,54.0,135.0,273.0,279.0,167.0,53.198,64.78,77.557,60.643,42.069,65.393,59.48,56.305,65.464,58.07
2022-05-28,55.275,53.215,2.957,56.193714285714286,474,4.74,35.36714285714286,548,54.8,47.628571428571426,3.0,0.0,0.0,687.0,1356.0,1646.0,2765.0,1868.0,1245.0,851.0,3953.0,4802.0,7393.0,4682.0,470.0,479.0,505.0,537.0,195.0,580.0,630.0,446.0,487.0,426.0,0.0,0.0,3.0,0.0,4.0,0.0,0.0,0.0,2.0,5.0,1067.0,1414.0,1352.0,1328.0,1144.0,1415.0,1293.0,1277.0,1157.0,1137.0,0.0,0.0,2.0,0.0,8.0,0.0,0.0,0.0,0.0,0.0,5.0,17.0,60.0,24.0,220.0,13.0,54.0,135.0,273.0,279.0,64.533,53.198,64.78,77.557,60.643,42.069,65.393,59.48,56.305,65.464
2022-05-31,47.665,56.233,2.883,54.50157142857143,2925,29.25,36.010000000000005,425,42.5,49.25714285714285,48.0,0.0,0.0,1199.0,474.0,1356.0,1646.0,2765.0,1868.0,1245.0,851.0,3953.0,4802.0,7393.0,548.0,470.0,479.0,505.0,537.0,195.0,580.0,630.0,446.0,487.0,0.0,0.0,0.0,3.0,0.0,4.0,0.0,0.0,0.0,2.0,687.0,1067.0,1414.0,1352.0,1328.0,1144.0,1415.0,1293.0,1277.0,1157.0,0.0,0.0,0.0,2.0,0.0,8.0,0.0,0.0,0.0,0.0,3.0,5.0,17.0,60.0,24.0,220.0,13.0,54.0,135.0,273.0,55.275,64.533,53.198,64.78,77.557,60.643,42.069,65.393,59.48,56.305
2022-06-01,56.45,52.769,2.938,54.391999999999996,15028,150.28,33.932857142857145,334,33.4,49.94285714285714,519.0,5.0,0.0,908.0,2925.0,474.0,1356.0,1646.0,2765.0,1868.0,1245.0,851.0,3953.0,4802.0,425.0,548.0,470.0,479.0,505.0,537.0,195.0,580.0,630.0,446.0,0.0,0.0,0.0,0.0,3.0,0.0,4.0,0.0,0.0,0.0,1199.0,687.0,1067.0,1414.0,1352.0,1328.0,1144.0,1415.0,1293.0,1277.0,0.0,0.0,0.0,0.0,2.0,0.0,8.0,0.0,0.0,0.0,48.0,3.0,5.0,17.0,60.0,24.0,220.0,13.0,54.0,135.0,47.665,55.275,64.533,53.198,64.78,77.557,60.643,42.069,65.393,59.48
2022-06-02,51.455,56.017,2.938,52.70183333333333,563,5.63,37.32833333333333,573,57.3,50.43333333333334,3.0,0.0,0.0,862.0,15028.0,2925.0,474.0,1356.0,1646.0,2765.0,1868.0,1245.0,851.0,3953.0,334.0,425.0,548.0,470.0,479.0,505.0,537.0,195.0,580.0,630.0,5.0,0.0,0.0,0.0,0.0,3.0,0.0,4.0,0.0,0.0,908.0,1199.0,687.0,1067.0,1414.0,1352.0,1328.0,1144.0,1415.0,1293.0,0.0,0.0,0.0,0.0,0.0,2.0,0.0,8.0,0.0,0.0,519.0,48.0,3.0,5.0,17.0,60.0,24.0,220.0,13.0,54.0,56.45,47.665,55.275,64.533,53.198,64.78,77.557,60.643,42.069,65.393
2022-06-03,52.935,54.56,2.84,52.1872,3215,32.15,43.846,619,61.9,49.56,187.0,13.0,0.0,1044.0,563.0,15028.0,2925.0,474.0,1356.0,1646.0,2765.0,1868.0,1245.0,851.0,573.0,334.0,425.0,548.0,470.0,479.0,505.0,537.0,195.0,580.0,0.0,5.0,0.0,0.0,0.0,0.0,3.0,0.0,4.0,0.0,862.0,908.0,1199.0,687.0,1067.0,1414.0,1352.0,1328.0,1144.0,1415.0,0.0,0.0,0.0,0.0,0.0,0.0,2.0,0.0,8.0,0.0,3.0,519.0,48.0,3.0,5.0,17.0,60.0,24.0,220.0,13.0,51.455,56.45,47.665,55.275,64.533,53.198,64.78,77.557,60.643,42.069
2022-06-04,52.431,55.384,2.882,53.31775,192,1.92,47.495,527,52.7,51.325,0.0,0.0,0.0,647.0,3215.0,563.0,15028.0,2925.0,474.0,1356.0,1646.0,2765.0,1868.0,1245.0,619.0,573.0,334.0,425.0,548.0,470.0,479.0,505.0,537.0,195.0,13.0,0.0,5.0,0.0,0.0,0.0,0.0,3.0,0.0,4.0,1044.0,862.0,908.0,1199.0,687.0,1067.0,1414.0,1352.0,1328.0,1144.0,0.0,0.0,0.0,0.0,0.0,0.0,0.0,2.0,0.0,8.0,187.0,3.0,519.0,48.0,3.0,5.0,17.0,60.0,24.0,220.0,52.935,51.455,56.45,47.665,55.275,64.533,53.198,64.78,77.557,60.643
