timestamp,heart_rate
2022-03-29 09:29:00,117
2022-03-29 09:30:00,123
2022-03-29 09:31:00,110
2022-03-29 09:32:00,97
2022-03-29 09:33:00,92
2022-03-29 09:34:00,87
2022-03-29 09:35:00,92
2022-03-29 09:36:00,102
2022-03-29 09:37:00,112
2022-03-29 09:38:00,114
2022-03-29 09:39:00,116
2022-03-29 09:40:00,118
2022-03-29 09:41:00,117
2022-03-29 09:42:00,120
2022-03-29 09:44:00,141
2022-03-29 09:45:00,149
2022-03-29 09:46:00,146
2022-03-29 09:48:00,147
2022-03-29 09:49:00,148
2022-03-29 09:50:00,143
2022-03-29 09:51:40,144
2022-03-29 09:51:00,147
2022-03-29 09:52:00,142
2022-03-29 09:53:00,145
2022-03-29 09:55:00,139
2022-03-29 09:56:00,132
2022-03-29 09:57:00,135
2022-03-29 09:58:00,137
2022-03-29 09:59:00,131
2022-03-29 10:00:00,123
2022-03-29 10:01:00,110
2022-03-29 10:02:00,95
2022-03-29 10:04:00,93
2022-03-29 10:05:00,95
2022-03-29 10:06:00,97
2022-03-29 10:07:00,88
2022-03-29 10:08:00,90
2022-03-29 10:09:00,102
2022-03-29 10:10:00,93
2022-03-29 10:11:00,89
2022-03-29 10:12:00,95
2022-03-29 10:13:00,94
2022-03-29 10:14:00,83
2022-03-29 10:15:00,82
2022-03-29 10:17:00,83
2022-03-29 10:18:00,80
2022-03-29 10:20:00,82
2022-03-29 10:22:00,80
2022-03-29 10:23:00,107
2022-03-29 10:24:00,114
2022-03-29 10:25:00,90
2022-03-29 10:26:00,88
2022-03-29 10:27:00,98
2022-03-29 10:28:00,95
2022-03-29 10:29:00,85
2022-03-29 10:30:00,88
2022-03-29 10:31:00,84
2022-03-29 10:32:00,83
2022-03-29 10:35:00,82
2022-03-29 10:37:00,92
2022-03-29 10:38:00,95
2022-03-29 10:39:00,93
2022-03-29 10:40:00,90
2022-03-29 10:41:00,88
2022-03-29 10:43:00,89
2022-03-29 10:46:00,94
2022-03-29 10:47:00,99
2022-03-29 10:48:00,91
2022-03-29 10:49:00,88
2022-03-29 10:50:00,84
2022-03-29 10:51:00,87
2022-03-29 10:52:00,93
2022-03-29 10:53:00,83
2022-03-29 10:54:00,81
2022-03-29 10:55:00,84
2022-03-29 10:56:00,82
2022-03-29 10:57:00,95
2022-03-29 10:58:00,107
2022-03-29 10:59:00,97
2022-03-29 11:01:00,85
2022-03-29 11:02:00,80
2022-03-29 11:03:00,81
2022-03-29 11:04:00,86
2022-03-29 11:05:00,96
2022-03-29 11:06:00,106
2022-03-29 11:08:00,98
2022-03-29 11:09:00,112
2022-03-29 11:10:00,94
2022-03-29 11:11:00,92
2022-03-29 11:12:00,84
2022-03-29 11:13:00,81
2022-03-29 11:14:00,79
2022-03-29 11:15:00,78
2022-03-29 11:16:00,77
2022-03-29 11:17:00,91
2022-03-29 11:19:00,106
2022-03-29 11:21:00,97
2022-03-29 11:22:00,86
2022-03-29 11:23:00,81
2022-03-29 11:24:00,79
2022-03-29 11:25:00,76
2022-03-29 11:26:00,78
2022-03-29 11:27:00,77
2022-03-29 11:28:00,78
2022-03-29 11:29:00,76
2022-03-29 11:31:00,81
2022-03-29 11:32:00,96
2022-03-29 11:33:00,99
2022-03-29 11:34:00,90
2022-03-29 11:35:00,92
2022-03-29 11:36:00,93
2022-03-29 11:37:00,88
2022-03-29 11:38:00,81
2022-03-29 11:39:00,76
2022-03-29 11:41:00,75
2022-03-29 11:42:00,78
2022-03-29 11:43:00,77
2022-03-29 11:44:00,85
2022-03-29 11:45:00,84
2022-03-29 11:46:00,81
2022-03-29 11:47:00,90
2022-03-29 11:48:00,87
2022-03-29 11:49:00,93
2022-03-29 11:51:00,97
2022-03-29 11:52:00,111
2022-03-29 11:53:00,131
2022-03-29 11:54:00,111
2022-03-29 11:55:00,101
2022-03-29 11:56:00,84
2022-03-29 11:58:00,77
2022-03-29 11:59:00,80
2022-03-29 12:00:00,86
2022-03-29 12:01:00,92
2022-03-29 12:02:00,84
2022-03-29 12:03:00,90
2022-03-29 12:05:00,84
2022-03-29 12:06:00,95
2022-03-29 12:07:00,84
2022-03-29 12:08:00,87
2022-03-29 12:09:00,90
2022-03-29 12:11:00,84
2022-03-29 12:13:00,81
2022-03-29 09:28:00,116
2022-03-29 00:03:00,55
2022-03-29 00:04:00,56
2022-03-29 00:05:00,55
2022-03-29 00:06:00,54
2022-03-29 00:11:00,53
2022-03-29 00:12:00,54
2022-03-29 00:13:00,53
2022-03-29 00:14:00,52
2022-03-29 00:16:00,51
2022-03-29 00:17:00,52
2022-03-29 00:18:00,50
2022-03-29 00:19:00,51
2022-03-29 00:21:00,56
2022-03-29 00:22:00,51
2022-03-29 00:24:00,50
2022-03-29 00:25:00,51
2022-03-29 00:29:00,50
2022-03-29 00:30:00,49
2022-03-29 00:31:00,50
2022-03-29 00:35:00,52
2022-03-29 00:36:00,50
2022-03-29 00:38:00,49
2022-03-29 00:40:00,50
2022-03-29 00:42:00,49
2022-03-29 00:43:00,50
2022-03-29 00:45:00,51
2022-03-29 00:47:00,53
2022-03-29 00:49:00,51
2022-03-29 00:50:00,52
2022-03-29 00:51:00,51
2022-03-29 00:52:00,50
2022-03-29 00:53:00,49
2022-03-29 00:54:00,51
2022-03-29 00:55:00,49
2022-03-29 00:56:00,50
2022-03-29 00:57:00,55
2022-03-29 00:58:00,53
2022-03-29 00:59:00,51
2022-03-29 01:00:00,53
2022-03-29 01:01:00,51
2022-03-29 01:02:00,54
2022-03-29 01:03:00,53
2022-03-29 01:05:00,52
2022-03-29 01:08:00,50
2022-03-29 01:09:00,52
2022-03-29 01:10:00,50
2022-03-29 01:11:00,51
2022-03-29 01:12:00,50
2022-03-29 01:15:00,49
2022-03-29 01:25:00,48
2022-03-29 01:27:00,49
2022-03-29 01:30:00,48
2022-03-29 01:32:00,49
2022-03-29 01:34:00,48
2022-03-29 01:36:00,49
2022-03-29 01:38:00,48
2022-03-29 01:39:00,49
2022-03-29 01:40:00,55
2022-03-29 01:41:00,49
2022-03-29 01:44:00,47
2022-03-29 01:50:00,48
2022-03-29 01:51:00,50
2022-03-29 01:52:00,47
2022-03-29 01:53:00,46
2022-03-29 01:55:00,47
2022-03-29 01:57:00,54
2022-03-29 01:58:00,53
2022-03-29 01:59:00,47
2022-03-29 02:03:00,46
2022-03-29 02:04:00,47
2022-03-29 02:07:00,46
2022-03-29 02:08:00,47
2022-03-29 02:10:00,48
2022-03-29 02:11:00,46
2022-03-29 02:12:00,47
2022-03-29 02:17:00,48
2022-03-29 02:19:00,47
2022-03-29 02:22:00,48
2022-03-29 02:23:00,47
2022-03-29 02:26:00,48
2022-03-29 02:31:00,47
2022-03-29 02:32:00,51
2022-03-29 02:33:00,46
2022-03-29 02:34:00,48
2022-03-29 02:35:00,46
2022-03-29 02:37:00,49
2022-03-29 02:38:00,47
2022-03-29 02:39:00,46
2022-03-29 02:40:00,50
2022-03-29 02:41:00,48
2022-03-29 02:42:00,49
2022-03-29 02:43:00,53
2022-03-29 02:44:00,55
2022-03-29 02:46:00,52
2022-03-29 02:47:00,60
2022-03-29 02:48:00,62
2022-03-29 02:49:00,57
2022-03-29 02:50:00,58
2022-03-29 02:51:00,56
2022-03-29 02:52:00,55
2022-03-29 02:53:00,51
2022-03-29 02:54:00,53
2022-03-29 02:55:00,55
2022-03-29 02:56:00,53
2022-03-29 02:57:00,58
2022-03-29 02:58:00,57
2022-03-29 02:59:00,53
2022-03-29 03:01:00,52
2022-03-29 03:02:00,54
2022-03-29 03:03:00,51
2022-03-29 03:04:00,55
2022-03-29 03:05:00,50
2022-03-29 03:06:00,51
2022-03-29 03:07:00,52
2022-03-29 03:08:00,47
2022-03-29 03:09:00,49
2022-03-29 03:10:00,51
2022-03-29 03:11:00,49
2022-03-29 03:13:00,52
2022-03-29 03:14:00,49
2022-03-29 03:15:00,51
2022-03-29 03:16:00,54
2022-03-29 03:17:00,52
2022-03-29 03:19:00,51
2022-03-29 03:21:00,50
2022-03-29 03:22:00,49
2022-03-29 03:25:00,48
2022-03-29 03:27:00,49
2022-03-29 03:29:00,48
2022-03-29 03:31:00,49
2022-03-29 03:32:00,48
2022-03-29 03:33:00,49
2022-03-29 03:34:00,48
2022-03-29 03:36:00,49
2022-03-29 03:38:00,48
2022-03-29 03:43:00,49
2022-03-29 03:44:00,48
2022-03-29 03:45:00,49
2022-03-29 03:46:00,47
2022-03-29 03:48:00,48
2022-03-29 03:50:00,47
2022-03-29 03:51:00,49
2022-03-29 03:52:00,48
2022-03-29 04:00:00,50
2022-03-29 04:01:00,51
2022-03-29 04:02:00,48
2022-03-29 04:03:00,47
2022-03-29 04:06:00,48
2022-03-29 04:07:00,47
2022-03-29 04:12:00,48
2022-03-29 04:14:00,47
2022-03-29 04:15:00,48
2022-03-29 04:16:00,46
2022-03-29 04:17:00,47
2022-03-29 04:19:00,48
2022-03-29 04:20:00,47
2022-03-29 04:21:00,46
2022-03-29 04:22:00,48
2022-03-29 04:23:00,47
2022-03-29 04:25:00,48
2022-03-29 04:26:00,47
2022-03-29 04:27:00,46
2022-03-29 04:28:00,48
2022-03-29 04:30:00,50
2022-03-29 04:32:00,49
2022-03-29 04:33:00,48
2022-03-29 04:35:00,49
2022-03-29 04:36:00,48
2022-03-29 04:37:00,47
2022-03-29 04:38:00,50
2022-03-29 04:39:00,47
2022-03-29 04:40:00,50
2022-03-29 04:42:00,54
2022-03-29 04:43:00,50
2022-03-29 04:44:00,51
2022-03-29 04:45:00,50
2022-03-29 04:47:00,55
2022-03-29 04:48:00,49
2022-03-29 04:49:00,50
2022-03-29 04:50:00,53
2022-03-29 04:52:00,50
2022-03-29 04:53:00,51
2022-03-29 04:54:00,53
2022-03-29 04:55:00,50
2022-03-29 04:57:00,49
2022-03-29 04:59:00,50
2022-03-29 05:00:00,49
2022-03-29 05:01:00,46
2022-03-29 05:02:00,48
2022-03-29 05:03:00,49
2022-03-29 05:05:00,48
2022-03-29 05:06:00,52
2022-03-29 05:07:00,49
2022-03-29 05:10:00,50
2022-03-29 05:12:00,54
2022-03-29 05:13:00,53
2022-03-29 05:14:00,51
2022-03-29 05:15:00,52
2022-03-29 05:16:00,50
2022-03-29 05:17:00,51
2022-03-29 05:18:00,50
2022-03-29 05:19:00,51
2022-03-29 05:20:00,49
2022-03-29 05:21:00,50
2022-03-29 05:23:00,49
2022-03-29 05:24:00,50
2022-03-29 05:31:00,49
2022-03-29 05:34:00,48
2022-03-29 05:35:00,49
2022-03-29 05:38:00,50
2022-03-29 05:44:00,49
2022-03-29 05:45:00,50
2022-03-29 05:48:00,49
2022-03-29 05:49:00,50
2022-03-29 05:52:00,49
2022-03-29 05:53:00,50
2022-03-29 05:59:00,51
2022-03-29 06:00:00,50
2022-03-29 06:03:00,51
2022-03-29 06:04:00,50
2022-03-29 06:05:00,51
2022-03-29 06:06:00,55
2022-03-29 06:07:00,54
2022-03-29 06:08:00,51
2022-03-29 06:10:00,50
2022-03-29 06:11:00,47
2022-03-29 06:13:00,50
2022-03-29 06:14:00,55
2022-03-29 06:15:00,51
2022-03-29 06:16:00,53
2022-03-29 06:18:00,51
2022-03-29 06:19:00,48
2022-03-29 06:20:00,53
2022-03-29 06:21:00,51
2022-03-29 06:22:00,50
2022-03-29 06:23:00,53
2022-03-29 06:24:00,50
2022-03-29 06:25:00,55
2022-03-29 06:27:00,58
2022-03-29 06:28:00,54
2022-03-29 06:29:00,52
2022-03-29 06:30:00,51
2022-03-29 06:31:00,52
2022-03-29 06:32:00,53
2022-03-29 06:33:00,52
2022-03-29 06:35:00,49
2022-03-29 06:37:00,50
2022-03-29 06:38:00,52
2022-03-29 06:39:00,51
2022-03-29 06:40:00,50
2022-03-29 06:41:00,53
2022-03-29 06:42:00,54
2022-03-29 06:43:00,52
2022-03-29 06:47:00,53
2022-03-29 06:48:00,51
2022-03-29 06:49:00,52
2022-03-29 06:50:00,56
2022-03-29 06:51:00,57
2022-03-29 06:52:00,53
2022-03-29 06:54:00,52
2022-03-29 07:01:00,51
2022-03-29 07:03:00,50
2022-03-29 07:04:00,52
2022-03-29 07:05:00,51
2022-03-29 07:08:00,52
2022-03-29 07:09:00,51
2022-03-29 07:11:00,55
2022-03-29 07:12:00,57
2022-03-29 07:13:00,54
2022-03-29 07:14:00,66
2022-03-29 07:15:00,67
2022-03-29 07:16:00,65
2022-03-29 07:17:00,62
2022-03-29 07:18:00,60
2022-03-29 07:19:00,61
2022-03-29 07:20:00,59
2022-03-29 07:21:00,60
2022-03-29 07:22:00,61
2022-03-29 07:23:00,60
2022-03-29 07:24:00,59
2022-03-29 07:26:00,60
2022-03-29 07:28:00,58
2022-03-29 07:29:00,61
2022-03-29 07:32:00,62
2022-03-29 07:33:00,61
2022-03-29 07:35:00,63
2022-03-29 15:27:00,86
2022-03-29 15:29:00,79
2022-03-29 15:30:00,78
2022-03-29 15:31:00,73
2022-03-29 15:32:00,72
2022-03-29 15:34:00,73
2022-03-29 15:35:00,84
2022-03-29 15:36:00,81
2022-03-29 15:37:00,79
2022-03-29 15:38:00,83
2022-03-29 15:40:00,99
2022-03-29 15:41:00,93
2022-03-29 15:42:00,98
2022-03-29 15:43:00,92
2022-03-29 15:44:00,86
2022-03-29 15:45:00,84
2022-03-29 15:46:00,82
2022-03-29 15:47:00,83
2022-03-29 15:48:00,82
2022-03-29 15:51:00,86
2022-03-29 15:52:00,95
2022-03-29 15:53:00,87
2022-03-29 15:54:00,84
2022-03-29 15:55:00,83
2022-03-29 15:56:00,84
2022-03-29 15:57:00,83
2022-03-29 15:58:00,94
2022-03-29 15:59:00,90
2022-03-29 16:00:00,84
2022-03-29 16:01:00,82
2022-03-29 16:02:00,90
2022-03-29 16:04:00,93
2022-03-29 16:05:00,95
2022-03-29 16:06:00,98
2022-03-29 16:08:00,104
2022-03-29 16:10:00,97
2022-03-29 16:11:00,90
2022-03-29 16:12:00,86
2022-03-29 16:13:00,85
2022-03-29 16:14:00,84
2022-03-29 16:16:00,87
2022-03-29 16:19:00,97
2022-03-29 16:20:00,98
2022-03-29 16:21:00,95
2022-03-29 16:23:00,90
2022-03-29 16:25:00,94
2022-03-29 16:26:00,103
2022-03-29 16:27:00,106
2022-03-29 16:28:00,100
2022-03-29 16:29:00,98
2022-03-29 16:30:00,105
2022-03-29 16:31:00,101
2022-03-29 16:32:00,95
2022-03-29 16:34:00,96
2022-03-29 16:35:00,94
2022-03-29 16:36:00,96
2022-03-29 16:37:00,87
2022-03-29 16:38:00,87
2022-03-29 16:39:00,92
2022-03-29 16:40:00,91
2022-03-29 16:41:00,89
2022-03-29 16:42:00,87
2022-03-29 16:43:00,91
2022-03-29 16:44:00,93
2022-03-29 16:46:00,105
2022-03-29 16:47:00,105
2022-03-29 16:48:00,91
2022-03-29 16:49:00,85
2022-03-29 16:50:00,84
2022-03-29 16:51:00,85
2022-03-29 16:52:00,79
2022-03-29 16:53:00,80
2022-03-29 16:54:00,83
2022-03-29 16:56:00,81
2022-03-29 16:57:00,82
2022-03-29 16:58:00,85
2022-03-29 16:59:00,91
2022-03-29 17:00:00,93
2022-03-29 17:01:00,94
2022-03-29 17:02:00,108
2022-03-29 17:03:00,105
2022-03-29 17:04:00,98
2022-03-29 17:05:00,90
2022-03-29 17:06:00,94
2022-03-29 17:07:00,93
2022-03-29 17:08:00,91
2022-03-29 17:09:00,89
2022-03-29 17:11:00,98
2022-03-29 17:12:00,108
2022-03-29 17:13:00,95
2022-03-29 17:14:00,90
2022-03-29 17:15:00,81
2022-03-29 17:16:00,96
2022-03-29 17:17:00,89
2022-03-29 17:18:00,82
2022-03-29 17:19:00,78
2022-03-29 17:20:00,76
2022-03-29 17:22:00,75
2022-03-29 17:23:00,77
2022-03-29 17:25:00,79
2022-03-29 17:26:00,87
2022-03-29 17:27:00,107
2022-03-29 17:28:00,109
2022-03-29 17:29:00,110
2022-03-29 17:30:00,117
2022-03-29 17:32:00,118
2022-03-29 17:34:00,116
2022-03-29 17:35:00,108
2022-03-29 17:36:00,105
2022-03-29 17:37:00,101
2022-03-29 17:39:00,103
2022-03-29 17:40:00,106
2022-03-29 17:43:00,109
2022-03-29 17:44:00,127
2022-03-29 17:45:00,131
2022-03-29 17:46:00,118
2022-03-29 17:47:00,119
2022-03-29 17:48:00,106
2022-03-29 17:50:00,102
2022-03-29 17:51:00,87
2022-03-29 17:53:00,83
2022-03-29 17:54:00,99
2022-03-29 17:55:00,90
2022-03-29 17:56:00,84
2022-03-29 17:57:00,88
2022-03-29 17:58:00,85
2022-03-29 17:59:00,91
2022-03-29 18:00:00,92
2022-03-29 12:15:00,88
2022-03-29 12:16:00,81
2022-03-29 12:17:00,75
2022-03-29 12:18:00,76
2022-03-29 12:19:00,77
2022-03-29 12:24:00,75
2022-03-29 12:25:00,76
2022-03-29 12:26:00,75
2022-03-29 12:27:00,74
2022-03-29 12:29:00,72
2022-03-29 12:30:00,73
2022-03-29 12:31:00,74
2022-03-29 12:33:00,73
2022-03-29 12:34:00,73
2022-03-29 12:36:00,74
2022-03-29 12:37:00,79
2022-03-29 12:39:00,90
2022-03-29 12:40:00,97
2022-03-29 12:41:00,100
2022-03-29 12:42:00,98
2022-03-29 12:43:00,102
2022-03-29 12:44:00,94
2022-03-29 12:45:00,83
2022-03-29 12:46:00,77
2022-03-29 12:47:00,75
2022-03-29 12:48:00,68
2022-03-29 12:50:00,71
2022-03-29 12:51:00,78
2022-03-29 12:52:00,81
2022-03-29 12:53:00,78
2022-03-29 12:54:00,81
2022-03-29 12:55:00,88
2022-03-29 12:56:00,93
2022-03-29 12:57:00,100
2022-03-29 12:58:00,98
2022-03-29 12:59:00,88
2022-03-29 13:00:00,98
2022-03-29 13:01:00,109
2022-03-29 13:03:00,101
2022-03-29 13:04:00,107
2022-03-29 13:05:00,92
2022-03-29 13:06:00,99
2022-03-29 13:07:00,102
2022-03-29 13:08:00,100
2022-03-29 13:09:00,103
2022-03-29 13:10:00,89
2022-03-29 13:11:00,84
2022-03-29 13:12:00,86
2022-03-29 13:13:00,83
2022-03-29 13:14:00,81
2022-03-29 13:15:00,83
2022-03-29 13:16:00,80
2022-03-29 13:17:00,78
2022-03-29 13:20:00,77
2022-03-29 13:21:00,87
2022-03-29 13:22:00,83
2022-03-29 13:23:00,84
2022-03-29 13:26:00,86
2022-03-29 13:27:00,85
2022-03-29 13:29:00,84
2022-03-29 13:30:00,83
2022-03-29 13:31:00,80
2022-03-29 13:32:00,81
2022-03-29 13:33:00,84
2022-03-29 13:34:00,81
2022-03-29 13:36:00,82
2022-03-29 13:39:00,81
2022-03-29 13:44:00,85
2022-03-29 13:45:00,101
2022-03-29 13:46:00,108
2022-03-29 13:47:00,104
2022-03-29 13:48:00,99
2022-03-29 13:50:00,90
2022-03-29 13:51:00,85
2022-03-29 13:52:00,84
2022-03-29 13:53:00,82
2022-03-29 13:54:00,88
2022-03-29 13:55:00,89
2022-03-29 13:56:00,90
2022-03-29 13:57:00,91
2022-03-29 13:58:00,97
2022-03-29 13:59:00,100
2022-03-29 14:00:00,88
2022-03-29 14:02:00,81
2022-03-29 14:03:00,91
2022-03-29 14:04:00,97
2022-03-29 14:05:00,100
2022-03-29 14:06:00,91
2022-03-29 14:07:00,84
2022-03-29 14:08:00,81
2022-03-29 14:09:00,80
2022-03-29 14:11:00,86
2022-03-29 14:13:00,97
2022-03-29 14:14:00,101
2022-03-29 14:15:00,103
2022-03-29 14:16:00,87
2022-03-29 14:17:00,82
2022-03-29 14:18:00,88
2022-03-29 14:19:00,81
2022-03-29 14:20:00,79
2022-03-29 14:21:00,88
2022-03-29 14:22:00,81
2022-03-29 14:23:00,83
2022-03-29 14:26:00,84
2022-03-29 14:27:00,76
2022-03-29 14:28:00,75
2022-03-29 14:29:00,78
2022-03-29 14:30:00,74
2022-03-29 14:31:00,71
2022-03-29 14:33:00,72
2022-03-29 14:34:00,70
2022-03-29 14:36:00,74
2022-03-29 14:37:00,75
2022-03-29 14:38:00,76
2022-03-29 14:39:00,74
2022-03-29 14:40:00,72
2022-03-29 14:41:00,71
2022-03-29 14:42:00,70
2022-03-29 14:43:00,75
2022-03-29 14:44:00,76
2022-03-29 14:45:00,74
2022-03-29 14:46:00,72
2022-03-29 14:47:00,73
2022-03-29 14:48:00,72
2022-03-29 14:49:00,74
2022-03-29 14:50:00,73
2022-03-29 14:51:00,72
2022-03-29 14:52:00,74
2022-03-29 14:54:00,73
2022-03-29 14:56:00,77
2022-03-29 14:57:00,82
2022-03-29 14:58:00,84
2022-03-29 15:00:00,94
2022-03-29 15:02:00,96
2022-03-29 15:03:00,102
2022-03-29 15:04:00,92
2022-03-29 15:05:00,85
2022-03-29 15:06:00,88
2022-03-29 15:07:00,82
2022-03-29 15:09:00,87
2022-03-29 15:10:00,97
2022-03-29 15:11:00,91
2022-03-29 15:12:00,88
2022-03-29 15:13:00,82
2022-03-29 15:14:00,78
2022-03-29 15:15:00,75
2022-03-29 15:16:00,72
2022-03-29 15:17:00,71
2022-03-29 15:18:00,74
2022-03-29 15:19:00,77
2022-03-29 15:20:00,73
2022-03-29 15:21:00,80
2022-03-29 15:22:00,78
2022-03-29 15:24:00,79
2022-03-29 18:23:00,109
2022-03-29 18:24:00,108
2022-03-29 18:25:00,98
2022-03-29 18:26:00,96
2022-03-29 18:27:00,92
2022-03-29 18:28:00,80
2022-03-29 18:29:00,72
2022-03-29 18:30:00,70
2022-03-29 18:31:00,71
2022-03-29 18:32:00,75
2022-03-29 18:34:00,72
2022-03-29 18:35:00,71
2022-03-29 18:36:00,73
2022-03-29 18:37:00,72
2022-03-29 18:38:00,71
2022-03-29 18:39:00,70
2022-03-29 18:40:00,72
2022-03-29 18:41:00,73
2022-03-29 18:42:00,70
2022-03-29 18:43:00,72
2022-03-29 18:45:00,70
2022-03-29 18:46:00,68
2022-03-29 18:47:00,69
2022-03-29 18:48:00,70
2022-03-29 18:49:00,68
2022-03-29 18:50:00,69
2022-03-29 18:51:00,68
2022-03-29 18:52:00,65
2022-03-29 18:53:00,69
2022-03-29 18:54:00,67
2022-03-29 18:55:00,68
2022-03-29 18:56:00,65
2022-03-29 18:57:00,66
2022-03-29 18:58:00,70
2022-03-29 18:59:00,69
2022-03-29 19:00:00,68
2022-03-29 19:01:00,69
2022-03-29 19:04:00,85
2022-03-29 19:06:00,83
2022-03-29 19:07:00,77
2022-03-29 19:08:00,69
2022-03-29 19:09:00,76
2022-03-29 19:11:00,81
2022-03-29 19:12:00,77
2022-03-29 15:25:00,81
2022-03-29 15:26:00,83
2022-03-29 08:19:00,88
2022-03-29 08:20:00,97
2022-03-29 08:22:00,98
2022-03-29 08:23:00,102
2022-03-29 08:24:00,100
2022-03-29 08:27:00,102
2022-03-29 08:28:00,89
2022-03-29 08:29:00,111
2022-03-29 08:30:00,110
2022-03-29 08:31:00,93
2022-03-29 08:32:00,77
2022-03-29 08:34:00,79
2022-03-29 08:35:00,75
2022-03-29 08:36:00,72
2022-03-29 08:37:00,67
2022-03-29 08:38:00,65
2022-03-29 08:39:00,68
2022-03-29 08:40:00,75
2022-03-29 08:41:00,69
2022-03-29 08:44:00,68
2022-03-29 08:45:00,65
2022-03-29 08:46:00,66
2022-03-29 08:48:00,67
2022-03-29 08:49:00,66
2022-03-29 08:50:00,65
2022-03-29 08:51:00,67
2022-03-29 08:52:00,69
2022-03-29 08:53:00,72
2022-03-29 08:54:00,93
2022-03-29 08:55:00,102
2022-03-29 08:56:00,104
2022-03-29 08:57:00,103
2022-03-29 08:58:00,101
2022-03-29 08:59:00,95
2022-03-29 09:00:00,82
2022-03-29 09:01:00,89
2022-03-29 09:02:00,79
2022-03-29 09:03:00,96
2022-03-29 09:04:00,108
2022-03-29 09:05:00,105
2022-03-29 09:06:00,102
2022-03-29 09:07:00,86
2022-03-29 09:08:00,78
2022-03-29 09:09:00,82
2022-03-29 09:10:00,79
2022-03-29 09:11:00,75
2022-03-29 09:12:00,72
2022-03-29 09:13:00,71
2022-03-29 09:14:00,72
2022-03-29 09:15:00,75
2022-03-29 09:16:00,90
2022-03-29 09:17:00,92
2022-03-29 09:18:00,89
2022-03-29 09:19:00,88
2022-03-29 09:20:00,89
2022-03-29 09:21:00,90
2022-03-29 09:22:00,88
2022-03-29 09:23:00,103
2022-03-29 09:24:00,118
2022-03-29 09:25:00,117
2022-03-29 09:26:00,122
2022-03-29 09:27:00,119
2022-03-29 20:05:00,66
2022-03-29 20:08:00,64
2022-03-29 20:09:00,65
2022-03-29 20:10:00,63
2022-03-29 20:11:00,64
2022-03-29 20:13:00,62
2022-03-29 20:14:00,64
2022-03-29 20:15:00,62
2022-03-29 20:16:00,63
2022-03-29 20:17:00,68
2022-03-29 20:18:00,81
2022-03-29 20:19:00,71
2022-03-29 20:20:00,71
2022-03-29 20:22:00,81
2022-03-29 20:23:00,82
2022-03-29 20:24:00,69
2022-03-29 20:25:00,65
2022-03-29 20:26:00,67
2022-03-29 20:27:00,69
2022-03-29 20:28:00,67
2022-03-29 20:29:00,62
2022-03-29 20:30:00,66
2022-03-29 20:31:00,67
2022-03-29 20:32:00,62
2022-03-29 20:33:00,66
2022-03-29 20:34:00,65
2022-03-29 20:37:00,64
2022-03-29 20:38:00,60
2022-03-29 20:39:00,62
2022-03-29 20:40:00,66
2022-03-29 20:41:00,65
2022-03-29 20:43:00,66
2022-03-29 20:44:00,64
2022-03-29 20:45:00,63
2022-03-29 20:46:00,61
2022-03-29 20:48:00,65
2022-03-29 20:49:00,64
2022-03-29 20:50:00,63
2022-03-29 20:51:00,61
2022-03-29 20:53:00,70
2022-03-29 20:54:00,69
2022-03-29 20:55:00,61
2022-03-29 20:56:00,59
2022-03-29 18:01:00,89
2022-03-29 18:03:00,91
2022-03-29 18:05:00,94
2022-03-29 18:06:00,91
2022-03-29 18:07:00,92
2022-03-29 18:08:00,88
2022-03-29 18:09:00,87
2022-03-29 18:10:00,86
2022-03-29 18:13:00,88
2022-03-29 18:14:00,89
2022-03-29 18:16:00,91
2022-03-29 18:17:00,108
2022-03-29 18:18:00,107
2022-03-29 18:19:00,119
2022-03-29 18:20:00,115
2022-03-29 18:21:00,116
2022-03-29 18:22:00,113
2022-03-29 07:36:00,62
2022-03-29 07:37:00,63
2022-03-29 07:38:00,60
2022-03-29 07:40:00,65
2022-03-29 07:41:00,70
2022-03-29 07:42:00,72
2022-03-29 07:43:00,68
2022-03-29 07:44:00,67
2022-03-29 07:45:00,68
2022-03-29 07:47:00,64
2022-03-29 07:48:00,62
2022-03-29 07:49:00,60
2022-03-29 07:50:00,61
2022-03-29 07:51:00,60
2022-03-29 07:52:00,64
2022-03-29 07:53:00,63
2022-03-29 07:54:00,62
2022-03-29 07:55:00,63
2022-03-29 07:56:00,71
2022-03-29 07:57:00,75
2022-03-29 07:58:00,73
2022-03-29 07:59:00,72
2022-03-29 08:00:00,74
2022-03-29 20:59:00,58
2022-03-29 21:00:00,60
2022-03-29 21:01:00,61
2022-03-29 21:02:00,60
2022-03-29 21:03:00,70
2022-03-29 21:04:00,82
2022-03-29 21:05:00,84
2022-03-29 21:06:00,81
2022-03-29 21:07:00,83
2022-03-29 21:08:00,72
2022-03-29 21:09:00,64
2022-03-29 21:10:00,65
2022-03-29 21:12:00,63
2022-03-29 21:13:00,61
2022-03-29 21:14:00,58
2022-03-29 21:15:00,61
2022-03-29 21:16:00,62
2022-03-29 21:17:00,63
2022-03-29 21:18:00,61
2022-03-29 21:20:00,60
2022-03-29 21:21:00,62
2022-03-29 21:22:00,61
2022-03-29 21:26:00,66
2022-03-29 21:27:00,60
2022-03-29 21:28:00,59
2022-03-29 21:30:00,61
2022-03-29 21:31:00,59
2022-03-29 21:32:00,58
2022-03-29 21:33:00,57
2022-03-29 21:34:00,58
2022-03-29 21:35:00,59
2022-03-29 21:36:00,67
2022-03-29 21:38:00,83
2022-03-29 21:39:00,77
2022-03-29 21:40:00,59
2022-03-29 21:43:00,54
2022-03-29 21:44:00,57
2022-03-29 21:45:00,56
2022-03-29 21:46:00,57
2022-03-29 21:47:00,58
2022-03-29 21:48:00,60
2022-03-29 21:50:00,58
2022-03-29 21:51:00,61
2022-03-29 21:52:00,60
2022-03-29 21:53:00,58
2022-03-29 21:55:00,59
2022-03-29 21:56:00,65
2022-03-29 21:57:00,76
2022-03-29 21:58:00,72
2022-03-29 21:59:00,70
2022-03-29 22:00:00,68
2022-03-29 22:01:00,73
2022-03-29 22:02:00,69
2022-03-29 22:04:00,65
2022-03-29 22:05:00,63
2022-03-29 22:06:00,73
2022-03-29 22:07:00,81
2022-03-29 22:08:00,78
2022-03-29 22:10:00,73
2022-03-29 22:11:00,75
2022-03-29 22:14:00,76
2022-03-29 22:15:00,74
2022-03-29 22:16:00,76
2022-03-29 22:17:00,75
2022-03-29 22:19:00,76
2022-03-29 22:20:00,81
2022-03-29 22:21:00,79
2022-03-29 22:22:00,77
2022-03-29 22:23:00,94
2022-03-29 22:25:00,100
2022-03-29 22:26:00,98
2022-03-29 22:27:00,97
2022-03-29 22:28:00,103
2022-03-29 22:29:00,99
2022-03-29 22:30:00,96
2022-03-29 22:31:00,95
2022-03-29 22:32:00,84
2022-03-29 22:33:00,95
2022-03-29 22:35:00,89
2022-03-29 22:36:00,73
2022-03-29 22:39:00,74
2022-03-29 22:41:00,78
2022-03-29 22:42:00,78
2022-03-29 22:43:00,73
2022-03-29 22:45:00,76
2022-03-29 22:46:00,75
2022-03-29 22:47:00,72
2022-03-29 22:48:00,68
2022-03-29 22:50:00,67
2022-03-29 22:51:00,69
2022-03-29 22:54:00,73
2022-03-29 22:55:00,69
2022-03-29 22:56:00,75
2022-03-29 22:58:00,71
2022-03-29 22:59:00,69
2022-03-29 23:00:00,68
2022-03-29 23:01:00,70
2022-03-29 23:02:00,71
2022-03-29 23:04:00,70
2022-03-29 23:05:00,69
2022-03-29 23:06:00,68
2022-03-29 23:07:00,67
2022-03-29 23:10:00,72
2022-03-29 23:11:00,74
2022-03-29 23:12:00,69
2022-03-29 23:13:00,71
2022-03-29 23:14:00,69
2022-03-29 23:15:00,67
2022-03-29 23:16:00,68
2022-03-29 23:17:00,66
2022-03-29 23:18:00,63
2022-03-29 23:20:00,64
2022-03-29 23:21:00,63
2022-03-29 23:22:00,64
2022-03-29 23:23:00,63
2022-03-29 23:24:00,62
2022-03-29 23:27:00,61
2022-03-29 23:30:00,59
2022-03-29 23:34:00,58
2022-03-29 23:36:00,59
2022-03-29 23:37:00,58
2022-03-29 23:39:00,57
2022-03-29 23:40:00,58
2022-03-29 23:42:00,57
2022-03-29 23:44:00,56
2022-03-29 23:51:00,55
2022-03-29 23:52:00,56
2022-03-29 23:53:00,55
2022-03-29 23:54:00,56
2022-03-29 23:56:00,55
2022-03-29 23:57:00,56
2022-03-29 23:58:00,57
2022-03-29 23:59:00,56
2022-03-29 23:59:59,58
